plant,check,model_mhz,measured_mhz,err_pct,g_code_dependence_max_pct
tt/sch,model f at measured per-corner cal code vs measured,47.98186000000005,47.98186,8.881784197001252e-14,1.188850220726012
ff/sch,model f at measured per-corner cal code vs measured,47.83624960167149,48.04634,-0.4372661857875437,1.1463347267416824
ss/sch,model f at measured per-corner cal code vs measured,47.6043057206013,47.87767,-0.5709640410627603,1.1828871391472928
fs/sch,model f at measured per-corner cal code vs measured,47.963000849677826,48.06834,-0.21914455610944072,1.2393322182801425
sf/sch,model f at measured per-corner cal code vs measured,47.82599828704498,47.88651,-0.12636484253084612,1.0884967465958573
rc_f/sch,model f at measured per-corner cal code vs measured,48.04235119691563,47.90951,0.2772752151203983,1.0533396004762663
rc_s/sch,model f at measured per-corner cal code vs measured,47.902244998344145,48.02034,-0.24592704186570113,0.9498527829421732
tt/ext,model f at measured per-corner cal code (independent check) vs measured,49.28473535189963,48.02496,2.623167935797599,
tt/ext,model f at 0xA3 27C/3.3V vs measured extracted f(0xA3) (independent check),36.39509196875287,35.8147,1.6205411988732932,
ff/ext,model f at measured per-corner cal code (independent check) vs measured,48.15909153605302,48.01579,0.2984466902512972,
ff/ext,model f at 0xA3 27C/3.3V vs measured extracted f(0xA3) (independent check),44.1698319476349,43.65423,1.181104208309014,
ss/ext,model f at measured per-corner cal code (independent check) vs measured,48.49841903649229,48.01878,0.9988571898167597,
ss/ext,model f at 0xA3 27C/3.3V vs measured extracted f(0xA3) (independent check),30.276674506818292,29.9242,1.1778911610612397,
