exp,plant,policy,jitter_ns,lock_inst_frames,lock_avg16_frames,ss_min,ss_max,ss_pp,ss_absmax,ss_frac_in_band,ss_avg16_absmax,ss_avg64_absmax,ss_code_min,ss_code_max,extra
cold_start_27C_3p3V,tt/sch,bangbang,0.0000,none,none,-0.0378,0.5447,0.5825,0.5447,0.5000,0.2535,0.2535,163,164,
ramp_1C_per_s,tt/sch,bangbang,0.0000,,,-0.5789,0.5828,1.1617,0.5828,0.4361,0.2904,0.2886,157,172,rail_frac=0.0000
ramp_20C_per_s,tt/sch,bangbang,0.0000,,,-0.5769,0.5837,1.1606,0.5837,0.4366,0.2828,0.2547,157,172,rail_frac=0.0000
vdd_steps_+27C,tt/sch,bangbang,0.0000,,0|0|None,-0.0378,0.5447,0.5825,0.5447,0.5000,0.2535,,163,164,relock_avg16 after 3.0|3.6|3.3 V
vdd_steps_-40C,tt/sch,bangbang,0.0000,,0|1|0,-0.3097,0.2712,0.5809,0.3097,0.0000,0.0192,,171,172,relock_avg16 after 3.0|3.6|3.3 V
cold_start_27C_3p3V,tt/sch,deadband,0.0000,35,33,-0.0378,-0.0378,0.0000,0.0378,1.0000,0.0378,0.0378,163,163,
ramp_1C_per_s,tt/sch,deadband,0.0000,,,-0.4238,0.4255,0.8493,0.4255,0.7072,0.1563,0.1549,157,172,rail_frac=0.0000
ramp_20C_per_s,tt/sch,deadband,0.0000,,,-0.4218,0.4265,0.8483,0.4265,0.7068,0.1497,0.1216,157,172,rail_frac=0.0000
vdd_steps_+27C,tt/sch,deadband,0.0000,,0|1|0,-0.0378,-0.0378,0.0000,0.0378,1.0000,0.0378,,163,163,relock_avg16 after 3.0|3.6|3.3 V
vdd_steps_-40C,tt/sch,deadband,0.0000,,0|2|0,-0.3097,0.2712,0.5809,0.3097,0.0000,0.0192,,171,172,relock_avg16 after 3.0|3.6|3.3 V
cold_start_27C_3p3V,tt/sch,avg32,0.0000,1120,1115,-0.0378,-0.0378,0.0000,0.0378,1.0000,0.0378,0.0378,163,163,
ramp_1C_per_s,tt/sch,avg32,0.0000,,,-0.4227,0.4284,0.8511,0.4284,0.7047,0.4278,0.1574,157,172,rail_frac=0.0000
ramp_20C_per_s,tt/sch,avg32,0.0000,,,-0.3944,0.4960,0.8904,0.4960,0.6740,0.4848,0.2056,157,172,rail_frac=0.0000
vdd_steps_+27C,tt/sch,avg32,0.0000,,26|None|39,-0.0378,-0.0378,0.0000,0.0378,1.0000,0.0378,,163,163,relock_avg16 after 3.0|3.6|3.3 V
vdd_steps_-40C,tt/sch,avg32,0.0000,,57|101|None,-0.3097,0.2712,0.5809,0.3097,0.0000,0.3097,,171,172,relock_avg16 after 3.0|3.6|3.3 V
cold_start_27C_3p3V,tt/sch,fracdither,0.0000,none,5,-0.6169,0.5447,1.1616,0.6169,0.6300,0.0374,0.0101,162,164,
ramp_1C_per_s,tt/sch,fracdither,0.0000,,,-0.7142,0.7181,1.4323,0.7181,0.5913,0.0612,0.0159,156,172,rail_frac=0.0000
ramp_20C_per_s,tt/sch,fracdither,0.0000,,,-0.6845,0.7019,1.3864,0.7019,0.5967,0.0543,0.0157,156,172,rail_frac=0.0000
vdd_steps_+27C,tt/sch,fracdither,0.0000,,0|1|0,-0.6169,0.5447,1.1616,0.6169,0.6300,0.0374,,162,164,relock_avg16 after 3.0|3.6|3.3 V
vdd_steps_-40C,tt/sch,fracdither,0.0000,,0|1|0,-0.3097,0.2712,0.5809,0.3097,0.0000,0.0192,,171,172,relock_avg16 after 3.0|3.6|3.3 V
cold_start_27C_3p3V,tt/sch,bangbang,500.0000,none,5723,-0.6169,0.5447,1.1616,0.6169,0.5035,0.2535,0.2172,162,164,
ramp_1C_per_s,tt/sch,bangbang,500.0000,,,-0.6699,0.6724,1.3424,0.6724,0.4358,0.3044,0.2489,156,172,rail_frac=0.0000
ramp_20C_per_s,tt/sch,bangbang,500.0000,,,-0.6523,0.6381,1.2904,0.6523,0.4355,0.2731,0.2216,157,172,rail_frac=0.0000
vdd_steps_+27C,tt/sch,bangbang,500.0000,,0|1|627,-0.6169,0.5447,1.1616,0.6169,0.5020,0.2535,,162,164,relock_avg16 after 3.0|3.6|3.3 V
vdd_steps_-40C,tt/sch,bangbang,500.0000,,0|1|0,-0.3097,0.2712,0.5809,0.3097,0.0000,0.0192,,171,172,relock_avg16 after 3.0|3.6|3.3 V
cold_start_27C_3p3V,tt/sch,deadband,500.0000,35,33,-0.0378,-0.0378,0.0000,0.0378,1.0000,0.0378,0.0378,163,163,
ramp_1C_per_s,tt/sch,deadband,500.0000,,,-0.5174,0.5164,1.0338,0.5174,0.6709,0.1530,0.1032,157,172,rail_frac=0.0000
ramp_20C_per_s,tt/sch,deadband,500.0000,,,-0.5097,0.5163,1.0259,0.5163,0.6698,0.1337,0.0904,157,172,rail_frac=0.0000
vdd_steps_+27C,tt/sch,deadband,500.0000,,0|1|0,-0.0378,-0.0378,0.0000,0.0378,1.0000,0.0378,,163,163,relock_avg16 after 3.0|3.6|3.3 V
vdd_steps_-40C,tt/sch,deadband,500.0000,,0|1|0,-0.3097,0.2712,0.5809,0.3097,0.0000,0.0192,,171,172,relock_avg16 after 3.0|3.6|3.3 V
cold_start_27C_3p3V,tt/sch,avg32,500.0000,1120,1115,-0.0378,-0.0378,0.0000,0.0378,1.0000,0.0378,0.0378,163,163,
ramp_1C_per_s,tt/sch,avg32,500.0000,,,-0.4240,0.4299,0.8540,0.4299,0.7052,0.4295,0.1574,157,172,rail_frac=0.0000
ramp_20C_per_s,tt/sch,avg32,500.0000,,,-0.3944,0.4960,0.8904,0.4960,0.6689,0.4848,0.2056,157,172,rail_frac=0.0000
vdd_steps_+27C,tt/sch,avg32,500.0000,,26|None|39,-0.0378,-0.0378,0.0000,0.0378,1.0000,0.0378,,163,163,relock_avg16 after 3.0|3.6|3.3 V
vdd_steps_-40C,tt/sch,avg32,500.0000,,57|101|None,-0.3097,0.2712,0.5809,0.3097,0.0000,0.3097,,171,172,relock_avg16 after 3.0|3.6|3.3 V
cold_start_27C_3p3V,tt/sch,fracdither,500.0000,none,5,-0.6169,0.5447,1.1616,0.6169,0.6380,0.0374,0.0101,162,164,
ramp_1C_per_s,tt/sch,fracdither,500.0000,,,-0.7443,0.7486,1.4928,0.7486,0.5924,0.0591,0.0156,156,172,rail_frac=0.0000
ramp_20C_per_s,tt/sch,fracdither,500.0000,,,-0.7241,0.7465,1.4706,0.7465,0.5941,0.0635,0.0167,156,172,rail_frac=0.0000
vdd_steps_+27C,tt/sch,fracdither,500.0000,,0|0|0,-0.6169,0.5447,1.1616,0.6169,0.6480,0.0374,,162,164,relock_avg16 after 3.0|3.6|3.3 V
vdd_steps_-40C,tt/sch,fracdither,500.0000,,0|1|0,-0.3097,0.2712,0.5809,0.3097,0.0000,0.0192,,171,172,relock_avg16 after 3.0|3.6|3.3 V
cold_start_27C_3p3V,ff/sch,bangbang,0.0000,none,34,-0.3411,0.0628,0.4040,0.3411,0.5000,0.1392,0.1392,89,90,
ramp_1C_per_s,ff/sch,bangbang,0.0000,,,-0.4280,0.4303,0.8583,0.4303,0.6130,0.2138,0.2120,80,102,rail_frac=0.0000
ramp_20C_per_s,ff/sch,bangbang,0.0000,,,-0.4261,0.4299,0.8560,0.4299,0.6132,0.2050,0.1693,80,102,rail_frac=0.0000
vdd_steps_+27C,ff/sch,bangbang,0.0000,,0|0|0,-0.3411,0.0628,0.4040,0.3411,0.5000,0.1392,,89,90,relock_avg16 after 3.0|3.6|3.3 V
vdd_steps_-40C,ff/sch,bangbang,0.0000,,0|0|0,-0.3278,0.1012,0.4290,0.3278,0.5000,0.1133,,101,102,relock_avg16 after 3.0|3.6|3.3 V
cold_start_27C_3p3V,ff/sch,deadband,0.0000,38,35,0.0628,0.0628,0.0000,0.0628,1.0000,0.0628,0.0628,90,90,
ramp_1C_per_s,ff/sch,deadband,0.0000,,,-0.2728,0.2733,0.5460,0.2733,0.9856,0.1563,0.1546,80,102,rail_frac=0.0000
ramp_20C_per_s,ff/sch,deadband,0.0000,,,-0.2703,0.2744,0.5448,0.2744,0.9854,0.1488,0.1176,80,102,rail_frac=0.0000
vdd_steps_+27C,ff/sch,deadband,0.0000,,0|1|0,0.0628,0.0628,0.0000,0.0628,1.0000,0.0628,,90,90,relock_avg16 after 3.0|3.6|3.3 V
vdd_steps_-40C,ff/sch,deadband,0.0000,,0|2|0,0.1012,0.1012,0.0000,0.1012,1.0000,0.1012,,102,102,relock_avg16 after 3.0|3.6|3.3 V
cold_start_27C_3p3V,ff/sch,avg32,0.0000,1216,1209,0.0628,0.0628,0.0000,0.0628,1.0000,0.0628,0.0628,90,90,
ramp_1C_per_s,ff/sch,avg32,0.0000,,,-0.2711,0.2764,0.5474,0.2764,0.9845,0.2758,0.1573,80,102,rail_frac=0.0000
ramp_20C_per_s,ff/sch,avg32,0.0000,,,-0.2308,0.3135,0.5443,0.3135,0.9106,0.3025,0.1736,80,102,rail_frac=0.0000
vdd_steps_+27C,ff/sch,avg32,0.0000,,61|67|32,0.0628,0.0628,0.0000,0.0628,1.0000,0.0628,,90,90,relock_avg16 after 3.0|3.6|3.3 V
vdd_steps_-40C,ff/sch,avg32,0.0000,,62|100|31,0.1012,0.1012,0.0000,0.1012,1.0000,0.1012,,102,102,relock_avg16 after 3.0|3.6|3.3 V
cold_start_27C_3p3V,ff/sch,fracdither,0.0000,none,7,-0.3411,0.0628,0.4040,0.3411,0.8445,0.0129,0.0066,89,90,
ramp_1C_per_s,ff/sch,fracdither,0.0000,,,-0.4908,0.4937,0.9845,0.4937,0.7911,0.0420,0.0112,80,102,rail_frac=0.0000
ramp_20C_per_s,ff/sch,fracdither,0.0000,,,-0.4774,0.4803,0.9577,0.4803,0.7837,0.0443,0.0135,80,102,rail_frac=0.0000
vdd_steps_+27C,ff/sch,fracdither,0.0000,,0|1|0,-0.3411,0.0628,0.4040,0.3411,0.8440,0.0129,,89,90,relock_avg16 after 3.0|3.6|3.3 V
vdd_steps_-40C,ff/sch,fracdither,0.0000,,0|1|0,-0.3278,0.1012,0.4290,0.3278,0.7640,0.0208,,101,102,relock_avg16 after 3.0|3.6|3.3 V
cold_start_27C_3p3V,ff/sch,bangbang,500.0000,none,34,-0.3411,0.4684,0.8095,0.4684,0.5030,0.1392,0.1392,89,91,
ramp_1C_per_s,ff/sch,bangbang,500.0000,,,-0.5179,0.5211,1.0390,0.5211,0.6127,0.2248,0.1690,80,102,rail_frac=0.0000
ramp_20C_per_s,ff/sch,bangbang,500.0000,,,-0.5179,0.4913,1.0093,0.5179,0.6130,0.1942,0.1484,80,102,rail_frac=0.0000
vdd_steps_+27C,ff/sch,bangbang,500.0000,,0|0|0,-0.3411,0.4684,0.8095,0.4684,0.5000,0.1392,,89,91,relock_avg16 after 3.0|3.6|3.3 V
vdd_steps_-40C,ff/sch,bangbang,500.0000,,0|1|0,-0.3278,0.1012,0.4290,0.3278,0.5000,0.1133,,101,102,relock_avg16 after 3.0|3.6|3.3 V
cold_start_27C_3p3V,ff/sch,deadband,500.0000,201,35,-0.3411,0.0628,0.4040,0.3411,0.9980,0.0628,0.0628,89,90,
ramp_1C_per_s,ff/sch,deadband,500.0000,,,-0.3672,0.3637,0.7309,0.3672,0.9200,0.1295,0.0984,80,102,rail_frac=0.0000
ramp_20C_per_s,ff/sch,deadband,500.0000,,,-0.3492,0.3446,0.6938,0.3492,0.9215,0.1177,0.0828,80,102,rail_frac=0.0000
vdd_steps_+27C,ff/sch,deadband,500.0000,,0|0|0,0.0628,0.0628,0.0000,0.0628,1.0000,0.0628,,90,90,relock_avg16 after 3.0|3.6|3.3 V
vdd_steps_-40C,ff/sch,deadband,500.0000,,0|1|0,-0.3278,0.1012,0.4290,0.3278,0.8900,0.1012,,101,102,relock_avg16 after 3.0|3.6|3.3 V
cold_start_27C_3p3V,ff/sch,avg32,500.0000,1216,1209,0.0628,0.0628,0.0000,0.0628,1.0000,0.0628,0.0628,90,90,
ramp_1C_per_s,ff/sch,avg32,500.0000,,,-0.2720,0.2782,0.5502,0.2782,0.9839,0.2776,0.1576,80,102,rail_frac=0.0000
ramp_20C_per_s,ff/sch,avg32,500.0000,,,-0.2308,0.3135,0.5443,0.3135,0.9106,0.3025,0.1736,80,102,rail_frac=0.0000
vdd_steps_+27C,ff/sch,avg32,500.0000,,61|67|32,0.0628,0.0628,0.0000,0.0628,1.0000,0.0628,,90,90,relock_avg16 after 3.0|3.6|3.3 V
vdd_steps_-40C,ff/sch,avg32,500.0000,,62|100|31,0.1012,0.1012,0.0000,0.1012,1.0000,0.1012,,102,102,relock_avg16 after 3.0|3.6|3.3 V
cold_start_27C_3p3V,ff/sch,fracdither,500.0000,none,7,-0.3411,0.4684,0.8095,0.4684,0.8275,0.0129,0.0066,89,91,
ramp_1C_per_s,ff/sch,fracdither,500.0000,,,-0.5074,0.5057,1.0131,0.5074,0.7894,0.0435,0.0114,80,102,rail_frac=0.0000
ramp_20C_per_s,ff/sch,fracdither,500.0000,,,-0.5001,0.4897,0.9899,0.5001,0.7808,0.0410,0.0131,80,102,rail_frac=0.0000
vdd_steps_+27C,ff/sch,fracdither,500.0000,,0|1|0,-0.3411,0.4684,0.8095,0.4684,0.8380,0.0129,,89,91,relock_avg16 after 3.0|3.6|3.3 V
vdd_steps_-40C,ff/sch,fracdither,500.0000,,0|1|0,-0.3278,0.1012,0.4290,0.3278,0.7640,0.0208,,101,102,relock_avg16 after 3.0|3.6|3.3 V
cold_start_27C_3p3V,ss/sch,bangbang,0.0000,none,75,-0.1183,0.5928,0.7111,0.5928,0.5000,0.2372,0.2372,206,207,
ramp_1C_per_s,ss/sch,bangbang,0.0000,,,-0.7741,0.7805,1.5546,0.7805,0.3451,0.3894,0.3870,201,213,rail_frac=0.0000
ramp_20C_per_s,ss/sch,bangbang,0.0000,,,-0.7714,0.7813,1.5527,0.7813,0.3454,0.3811,0.3448,201,213,rail_frac=0.0000
vdd_steps_+27C,ss/sch,bangbang,0.0000,,None|0|0,-0.1183,0.5928,0.7111,0.5928,0.5000,0.2372,,206,207,relock_avg16 after 3.0|3.6|3.3 V
vdd_steps_-40C,ss/sch,bangbang,0.0000,,1|0|None,-0.7052,0.0699,0.7751,0.7052,0.5000,0.3177,,212,213,relock_avg16 after 3.0|3.6|3.3 V
cold_start_27C_3p3V,ss/sch,deadband,0.0000,78,77,-0.1183,-0.1183,0.0000,0.1183,1.0000,0.1183,0.1183,206,206,
ramp_1C_per_s,ss/sch,deadband,0.0000,,,-0.6193,0.6230,1.2423,0.6230,0.5612,0.2320,0.2302,201,213,rail_frac=0.0000
ramp_20C_per_s,ss/sch,deadband,0.0000,,,-0.6171,0.6221,1.2392,0.6221,0.5615,0.2222,0.1850,201,213,rail_frac=0.0000
vdd_steps_+27C,ss/sch,deadband,0.0000,,0|0|1,-0.1183,-0.1183,0.0000,0.1183,1.0000,0.1183,,206,206,relock_avg16 after 3.0|3.6|3.3 V
vdd_steps_-40C,ss/sch,deadband,0.0000,,0|1|0,0.0699,0.0699,0.0000,0.0699,1.0000,0.0699,,213,213,relock_avg16 after 3.0|3.6|3.3 V
cold_start_27C_3p3V,ss/sch,avg32,0.0000,2496,2494,-0.1183,-0.1183,0.0000,0.1183,1.0000,0.1183,0.1183,206,206,
ramp_1C_per_s,ss/sch,avg32,0.0000,,,-0.6181,0.6258,1.2439,0.6258,0.5595,0.6252,0.2361,201,213,rail_frac=0.0000
ramp_20C_per_s,ss/sch,avg32,0.0000,,,-0.5847,0.6879,1.2726,0.6879,0.5526,0.6763,0.2987,201,213,rail_frac=0.0000
vdd_steps_+27C,ss/sch,avg32,0.0000,,33|None|10,-0.1183,-0.1183,0.0000,0.1183,1.0000,0.1183,,206,206,relock_avg16 after 3.0|3.6|3.3 V
vdd_steps_-40C,ss/sch,avg32,0.0000,,None|None|38,0.0699,0.0699,0.0000,0.0699,1.0000,0.0699,,213,213,relock_avg16 after 3.0|3.6|3.3 V
cold_start_27C_3p3V,ss/sch,fracdither,0.0000,none,6,-0.8244,0.5928,1.4172,0.8244,0.7035,0.0601,0.0154,205,207,
ramp_1C_per_s,ss/sch,fracdither,0.0000,,,-1.0657,1.0770,2.1427,1.0770,0.4471,0.0861,0.0200,201,214,rail_frac=0.0000
ramp_20C_per_s,ss/sch,fracdither,0.0000,,,-0.9909,1.0866,2.0775,1.0866,0.4399,0.0744,0.0206,201,214,rail_frac=0.0000
vdd_steps_+27C,ss/sch,fracdither,0.0000,,0|1|0,-0.8244,0.5928,1.4172,0.8244,0.7100,0.0601,,205,207,relock_avg16 after 3.0|3.6|3.3 V
vdd_steps_-40C,ss/sch,fracdither,0.0000,,0|0|0,-0.7052,0.8510,1.5563,0.8510,0.5960,0.0747,,212,214,relock_avg16 after 3.0|3.6|3.3 V
cold_start_27C_3p3V,ss/sch,bangbang,500.0000,none,75,-0.1183,0.5928,0.7111,0.5928,0.5000,0.2372,0.2372,206,207,
ramp_1C_per_s,ss/sch,bangbang,500.0000,,,-0.8620,0.8649,1.7268,0.8649,0.3450,0.3771,0.3407,201,214,rail_frac=0.0000
ramp_20C_per_s,ss/sch,bangbang,500.0000,,,-0.8398,0.8558,1.6956,0.8558,0.3451,0.3599,0.3174,201,214,rail_frac=0.0000
vdd_steps_+27C,ss/sch,bangbang,500.0000,,None|0|0,-0.1183,0.5928,0.7111,0.5928,0.5000,0.2372,,206,207,relock_avg16 after 3.0|3.6|3.3 V
vdd_steps_-40C,ss/sch,bangbang,500.0000,,0|1|None,-0.7052,0.8510,1.5563,0.8510,0.5040,0.3177,,212,214,relock_avg16 after 3.0|3.6|3.3 V
cold_start_27C_3p3V,ss/sch,deadband,500.0000,none,75,-0.1183,0.5928,0.7111,0.5928,0.8230,0.1484,0.0595,206,207,
ramp_1C_per_s,ss/sch,deadband,500.0000,,,-0.7112,0.7106,1.4218,0.7112,0.5309,0.2535,0.1924,201,213,rail_frac=0.0000
ramp_20C_per_s,ss/sch,deadband,500.0000,,,-0.6881,0.7052,1.3934,0.7052,0.5318,0.2269,0.1786,201,213,rail_frac=0.0000
vdd_steps_+27C,ss/sch,deadband,500.0000,,0|0|0,-0.1183,0.5928,0.7111,0.5928,0.8100,0.1928,,206,207,relock_avg16 after 3.0|3.6|3.3 V
vdd_steps_-40C,ss/sch,deadband,500.0000,,0|1|0,-0.7052,0.0699,0.7751,0.7052,0.9940,0.0699,,212,213,relock_avg16 after 3.0|3.6|3.3 V
cold_start_27C_3p3V,ss/sch,avg32,500.0000,2496,2494,-0.1183,-0.1183,0.0000,0.1183,1.0000,0.1183,0.1183,206,206,
ramp_1C_per_s,ss/sch,avg32,500.0000,,,-0.6190,0.6290,1.2481,0.6290,0.5596,0.6285,0.2394,201,213,rail_frac=0.0000
ramp_20C_per_s,ss/sch,avg32,500.0000,,,-0.5847,0.6879,1.2726,0.6879,0.5503,0.6763,0.2987,201,213,rail_frac=0.0000
vdd_steps_+27C,ss/sch,avg32,500.0000,,33|None|10,-0.1183,-0.1183,0.0000,0.1183,1.0000,0.1183,,206,206,relock_avg16 after 3.0|3.6|3.3 V
vdd_steps_-40C,ss/sch,avg32,500.0000,,None|None|38,0.0699,0.0699,0.0000,0.0699,1.0000,0.0699,,213,213,relock_avg16 after 3.0|3.6|3.3 V
cold_start_27C_3p3V,ss/sch,fracdither,500.0000,none,6,-0.8244,0.5928,1.4172,0.8244,0.7045,0.0601,0.0155,205,207,
ramp_1C_per_s,ss/sch,fracdither,500.0000,,,-1.1039,1.1012,2.2050,1.1039,0.4462,0.0813,0.0210,201,214,rail_frac=0.0000
ramp_20C_per_s,ss/sch,fracdither,500.0000,,,-1.0465,1.0755,2.1221,1.0755,0.4268,0.0746,0.0201,201,214,rail_frac=0.0000
vdd_steps_+27C,ss/sch,fracdither,500.0000,,0|1|0,-0.8244,0.5928,1.4172,0.8244,0.7240,0.0601,,205,207,relock_avg16 after 3.0|3.6|3.3 V
vdd_steps_-40C,ss/sch,fracdither,500.0000,,0|1|0,-0.7052,0.8510,1.5563,0.8510,0.5920,0.0747,,212,214,relock_avg16 after 3.0|3.6|3.3 V
cold_start_27C_3p3V,fs/sch,bangbang,0.0000,none,28,-0.0771,0.5128,0.5898,0.5128,0.5000,0.2178,0.2178,160,161,
ramp_1C_per_s,fs/sch,bangbang,0.0000,,,-0.5864,0.5902,1.1766,0.5902,0.4409,0.2937,0.2922,153,168,rail_frac=0.0000
ramp_20C_per_s,fs/sch,bangbang,0.0000,,,-0.5846,0.5904,1.1749,0.5904,0.4412,0.2870,0.2570,153,168,rail_frac=0.0000
vdd_steps_+27C,fs/sch,bangbang,0.0000,,1|0|0,-0.0771,0.5128,0.5898,0.5128,0.5000,0.2178,,160,161,relock_avg16 after 3.0|3.6|3.3 V
vdd_steps_-40C,fs/sch,bangbang,0.0000,,0|1|0,-0.1940,0.3952,0.5891,0.3952,0.5000,0.1006,,167,168,relock_avg16 after 3.0|3.6|3.3 V
cold_start_27C_3p3V,fs/sch,deadband,0.0000,32,30,-0.0771,-0.0771,0.0000,0.0771,1.0000,0.0771,0.0771,160,160,
ramp_1C_per_s,fs/sch,deadband,0.0000,,,-0.4313,0.4330,0.8644,0.4330,0.7183,0.1563,0.1548,153,168,rail_frac=0.0000
ramp_20C_per_s,fs/sch,deadband,0.0000,,,-0.4297,0.4334,0.8631,0.4334,0.7186,0.1494,0.1192,153,168,rail_frac=0.0000
vdd_steps_+27C,fs/sch,deadband,0.0000,,0|0|0,-0.0771,-0.0771,0.0000,0.0771,1.0000,0.0771,,160,160,relock_avg16 after 3.0|3.6|3.3 V
vdd_steps_-40C,fs/sch,deadband,0.0000,,0|2|0,-0.1940,0.3952,0.5891,0.3952,0.5000,0.1006,,167,168,relock_avg16 after 3.0|3.6|3.3 V
cold_start_27C_3p3V,fs/sch,avg32,0.0000,1024,1019,-0.0771,-0.0771,0.0000,0.0771,1.0000,0.0771,0.0771,160,160,
ramp_1C_per_s,fs/sch,avg32,0.0000,,,-0.4301,0.4358,0.8660,0.4358,0.7165,0.4354,0.1571,153,168,rail_frac=0.0000
ramp_20C_per_s,fs/sch,avg32,0.0000,,,-0.4039,0.4649,0.8688,0.4649,0.6874,0.4552,0.1767,153,168,rail_frac=0.0000
vdd_steps_+27C,fs/sch,avg32,0.0000,,27|None|39,-0.0771,-0.0771,0.0000,0.0771,1.0000,0.0771,,160,160,relock_avg16 after 3.0|3.6|3.3 V
vdd_steps_-40C,fs/sch,avg32,0.0000,,None|69|None,-0.1940,0.3952,0.5891,0.3952,0.4880,0.3952,,167,168,relock_avg16 after 3.0|3.6|3.3 V
cold_start_27C_3p3V,fs/sch,fracdither,0.0000,none,5,-0.6301,0.5128,1.1428,0.6301,0.7635,0.0381,0.0108,159,161,
ramp_1C_per_s,fs/sch,fracdither,0.0000,,,-0.7241,0.7325,1.4566,0.7325,0.6013,0.0633,0.0156,153,168,rail_frac=0.0000
ramp_20C_per_s,fs/sch,fracdither,0.0000,,,-0.7205,0.7241,1.4446,0.7241,0.5977,0.0576,0.0164,153,168,rail_frac=0.0000
vdd_steps_+27C,fs/sch,fracdither,0.0000,,0|0|0,-0.6301,0.5128,1.1428,0.6301,0.7600,0.0379,,159,161,relock_avg16 after 3.0|3.6|3.3 V
vdd_steps_-40C,fs/sch,fracdither,0.0000,,0|1|0,-0.1940,0.3952,0.5891,0.3952,0.6720,0.0269,,167,168,relock_avg16 after 3.0|3.6|3.3 V
cold_start_27C_3p3V,fs/sch,bangbang,500.0000,none,28,-0.6301,0.5128,1.1428,0.6301,0.5015,0.2178,0.2178,159,161,
ramp_1C_per_s,fs/sch,bangbang,500.0000,,,-0.6756,0.6778,1.3534,0.6778,0.4406,0.3081,0.2566,153,168,rail_frac=0.0000
ramp_20C_per_s,fs/sch,bangbang,500.0000,,,-0.6556,0.6566,1.3121,0.6566,0.4406,0.2772,0.2394,153,168,rail_frac=0.0000
vdd_steps_+27C,fs/sch,bangbang,500.0000,,1|0|0,-0.6301,0.5128,1.1428,0.6301,0.5000,0.2178,,159,161,relock_avg16 after 3.0|3.6|3.3 V
vdd_steps_-40C,fs/sch,bangbang,500.0000,,0|1|0,-0.1940,0.3952,0.5891,0.3952,0.5000,0.1006,,167,168,relock_avg16 after 3.0|3.6|3.3 V
cold_start_27C_3p3V,fs/sch,deadband,500.0000,none,30,-0.0771,0.5128,0.5898,0.5128,0.9780,0.0771,0.0771,160,161,
ramp_1C_per_s,fs/sch,deadband,500.0000,,,-0.5266,0.5262,1.0528,0.5266,0.6811,0.1689,0.1062,153,168,rail_frac=0.0000
ramp_20C_per_s,fs/sch,deadband,500.0000,,,-0.4954,0.5152,1.0106,0.5152,0.6797,0.1481,0.0947,153,168,rail_frac=0.0000
vdd_steps_+27C,fs/sch,deadband,500.0000,,0|0|0,-0.0771,0.5128,0.5898,0.5128,0.9720,0.0771,,160,161,relock_avg16 after 3.0|3.6|3.3 V
vdd_steps_-40C,fs/sch,deadband,500.0000,,0|0|0,-0.1940,0.3952,0.5891,0.3952,0.5500,0.1006,,167,168,relock_avg16 after 3.0|3.6|3.3 V
cold_start_27C_3p3V,fs/sch,avg32,500.0000,1024,1019,-0.0771,-0.0771,0.0000,0.0771,1.0000,0.0771,0.0771,160,160,
ramp_1C_per_s,fs/sch,avg32,500.0000,,,-0.4310,0.4365,0.8675,0.4365,0.7156,0.4360,0.1578,153,168,rail_frac=0.0000
ramp_20C_per_s,fs/sch,avg32,500.0000,,,-0.4039,0.4649,0.8688,0.4649,0.6874,0.4552,0.1767,153,168,rail_frac=0.0000
vdd_steps_+27C,fs/sch,avg32,500.0000,,27|None|39,-0.0771,-0.0771,0.0000,0.0771,1.0000,0.0771,,160,160,relock_avg16 after 3.0|3.6|3.3 V
vdd_steps_-40C,fs/sch,avg32,500.0000,,None|69|None,-0.1940,0.3952,0.5891,0.3952,0.4880,0.3952,,167,168,relock_avg16 after 3.0|3.6|3.3 V
cold_start_27C_3p3V,fs/sch,fracdither,500.0000,none,5,-0.6301,0.5128,1.1428,0.6301,0.7695,0.0381,0.0108,159,161,
ramp_1C_per_s,fs/sch,fracdither,500.0000,,,-0.7471,0.7571,1.5042,0.7571,0.6006,0.0627,0.0159,153,168,rail_frac=0.0000
ramp_20C_per_s,fs/sch,fracdither,500.0000,,,-0.7341,0.7103,1.4444,0.7341,0.5940,0.0579,0.0170,153,168,rail_frac=0.0000
vdd_steps_+27C,fs/sch,fracdither,500.0000,,0|0|0,-0.6301,0.5128,1.1428,0.6301,0.7560,0.0381,,159,161,relock_avg16 after 3.0|3.6|3.3 V
vdd_steps_-40C,fs/sch,fracdither,500.0000,,0|1|0,-0.1940,0.3952,0.5891,0.3952,0.6720,0.0269,,167,168,relock_avg16 after 3.0|3.6|3.3 V
cold_start_27C_3p3V,sf/sch,bangbang,0.0000,none,36,-0.3625,0.2105,0.5730,0.3625,0.5000,0.0760,0.0760,166,167,
ramp_1C_per_s,sf/sch,bangbang,0.0000,,,-0.5717,0.6263,1.1980,0.6263,0.4320,0.3117,0.3096,160,177,rail_frac=0.0000
ramp_20C_per_s,sf/sch,bangbang,0.0000,,,-0.5696,0.6256,1.1953,0.6256,0.4316,0.3009,0.2583,160,177,rail_frac=0.0000
vdd_steps_+27C,sf/sch,bangbang,0.0000,,None|0|0,-0.3625,0.2105,0.5730,0.3625,0.5000,0.0760,,166,167,relock_avg16 after 3.0|3.6|3.3 V
vdd_steps_-40C,sf/sch,bangbang,0.0000,,None|0|0,-0.3983,0.2257,0.6240,0.3983,0.5000,0.0863,,176,177,relock_avg16 after 3.0|3.6|3.3 V
cold_start_27C_3p3V,sf/sch,deadband,0.0000,none,36,-0.3625,0.2105,0.5730,0.3625,0.5000,0.0760,0.0760,166,167,
ramp_1C_per_s,sf/sch,deadband,0.0000,,,-0.4163,0.4689,0.8852,0.4689,0.6965,0.1563,0.1548,160,177,rail_frac=0.0000
ramp_20C_per_s,sf/sch,deadband,0.0000,,,-0.4151,0.4692,0.8843,0.4692,0.6960,0.1486,0.1186,160,177,rail_frac=0.0000
vdd_steps_+27C,sf/sch,deadband,0.0000,,0|0|0,-0.3625,0.2105,0.5730,0.3625,0.5000,0.0760,,166,167,relock_avg16 after 3.0|3.6|3.3 V
vdd_steps_-40C,sf/sch,deadband,0.0000,,0|1|0,-0.3983,0.2257,0.6240,0.3983,0.5000,0.0863,,176,177,relock_avg16 after 3.0|3.6|3.3 V
cold_start_27C_3p3V,sf/sch,avg32,0.0000,none,none,-0.3625,0.2105,0.5730,0.3625,0.5040,0.3625,0.0760,166,167,
ramp_1C_per_s,sf/sch,avg32,0.0000,,,-0.4154,0.4702,0.8856,0.4702,0.6944,0.4695,0.1575,160,177,rail_frac=0.0000
ramp_20C_per_s,sf/sch,avg32,0.0000,,,-0.3983,0.4688,0.8670,0.4688,0.6780,0.4591,0.1821,160,177,rail_frac=0.0000
vdd_steps_+27C,sf/sch,avg32,0.0000,,29|None|None,-0.3625,0.2105,0.5730,0.3625,0.5120,0.3625,,166,167,relock_avg16 after 3.0|3.6|3.3 V
vdd_steps_-40C,sf/sch,avg32,0.0000,,30|67|None,-0.3983,0.2257,0.6240,0.3983,0.5120,0.3983,,176,177,relock_avg16 after 3.0|3.6|3.3 V
cold_start_27C_3p3V,sf/sch,fracdither,0.0000,none,5,-0.3625,0.2105,0.5730,0.3625,0.6330,0.0402,0.0046,166,167,
ramp_1C_per_s,sf/sch,fracdither,0.0000,,,-0.7390,0.7603,1.4993,0.7603,0.5879,0.0603,0.0158,160,177,rail_frac=0.0000
ramp_20C_per_s,sf/sch,fracdither,0.0000,,,-0.6720,0.7234,1.3953,0.7234,0.5829,0.0529,0.0171,160,177,rail_frac=0.0000
vdd_steps_+27C,sf/sch,fracdither,0.0000,,0|0|0,-0.3625,0.2105,0.5730,0.3625,0.6340,0.0402,,166,167,relock_avg16 after 3.0|3.6|3.3 V
vdd_steps_-40C,sf/sch,fracdither,0.0000,,0|0|0,-0.3983,0.2257,0.6240,0.3983,0.6380,0.0473,,176,177,relock_avg16 after 3.0|3.6|3.3 V
cold_start_27C_3p3V,sf/sch,bangbang,500.0000,none,36,-0.3625,0.2105,0.5730,0.3625,0.5000,0.0760,0.0760,166,167,
ramp_1C_per_s,sf/sch,bangbang,500.0000,,,-0.6655,0.7070,1.3726,0.7070,0.4319,0.3021,0.2513,160,177,rail_frac=0.0000
ramp_20C_per_s,sf/sch,bangbang,500.0000,,,-0.6474,0.6576,1.3050,0.6576,0.4321,0.2832,0.2406,160,177,rail_frac=0.0000
vdd_steps_+27C,sf/sch,bangbang,500.0000,,0|0|0,-0.3625,0.2105,0.5730,0.3625,0.5000,0.0760,,166,167,relock_avg16 after 3.0|3.6|3.3 V
vdd_steps_-40C,sf/sch,bangbang,500.0000,,0|0|0,-0.3983,0.2257,0.6240,0.3983,0.5000,0.0863,,176,177,relock_avg16 after 3.0|3.6|3.3 V
cold_start_27C_3p3V,sf/sch,deadband,500.0000,none,36,-0.3625,0.2105,0.5730,0.3625,0.5230,0.0760,0.0760,166,167,
ramp_1C_per_s,sf/sch,deadband,500.0000,,,-0.5084,0.5545,1.0629,0.5545,0.6610,0.1584,0.1143,160,177,rail_frac=0.0000
ramp_20C_per_s,sf/sch,deadband,500.0000,,,-0.4954,0.5368,1.0322,0.5368,0.6613,0.1421,0.0854,160,177,rail_frac=0.0000
vdd_steps_+27C,sf/sch,deadband,500.0000,,0|0|0,-0.3625,0.2105,0.5730,0.3625,0.5260,0.0760,,166,167,relock_avg16 after 3.0|3.6|3.3 V
vdd_steps_-40C,sf/sch,deadband,500.0000,,0|1|0,-0.3983,0.2257,0.6240,0.3983,0.5180,0.0863,,176,177,relock_avg16 after 3.0|3.6|3.3 V
cold_start_27C_3p3V,sf/sch,avg32,500.0000,none,none,-0.3625,0.2105,0.5730,0.3625,0.5040,0.3625,0.0760,166,167,
ramp_1C_per_s,sf/sch,avg32,500.0000,,,-0.4166,0.4702,0.8868,0.4702,0.6939,0.4695,0.1584,160,177,rail_frac=0.0000
ramp_20C_per_s,sf/sch,avg32,500.0000,,,-0.3983,0.4688,0.8670,0.4688,0.6780,0.4591,0.1821,160,177,rail_frac=0.0000
vdd_steps_+27C,sf/sch,avg32,500.0000,,29|None|None,-0.3625,0.2105,0.5730,0.3625,0.5120,0.3625,,166,167,relock_avg16 after 3.0|3.6|3.3 V
vdd_steps_-40C,sf/sch,avg32,500.0000,,30|67|None,-0.3983,0.2257,0.6240,0.3983,0.5120,0.3983,,176,177,relock_avg16 after 3.0|3.6|3.3 V
cold_start_27C_3p3V,sf/sch,fracdither,500.0000,none,5,-0.3625,0.2105,0.5730,0.3625,0.6325,0.0402,0.0046,166,167,
ramp_1C_per_s,sf/sch,fracdither,500.0000,,,-0.7590,0.7823,1.5413,0.7823,0.5867,0.0651,0.0170,160,177,rail_frac=0.0000
ramp_20C_per_s,sf/sch,fracdither,500.0000,,,-0.7079,0.7340,1.4420,0.7340,0.5852,0.0667,0.0185,160,177,rail_frac=0.0000
vdd_steps_+27C,sf/sch,fracdither,500.0000,,0|0|0,-0.3625,0.2105,0.5730,0.3625,0.6320,0.0402,,166,167,relock_avg16 after 3.0|3.6|3.3 V
vdd_steps_-40C,sf/sch,fracdither,500.0000,,0|0|0,-0.3983,0.8537,1.2519,0.8537,0.6340,0.0473,,176,178,relock_avg16 after 3.0|3.6|3.3 V
cold_start_27C_3p3V,rc_f/sch,bangbang,0.0000,none,30,-0.3019,0.0882,0.3901,0.3019,0.5000,0.1068,0.1068,93,94,
ramp_1C_per_s,rc_f/sch,bangbang,0.0000,,,-0.4132,0.4155,0.8287,0.4155,0.6247,0.2063,0.2045,81,107,rail_frac=0.0000
ramp_20C_per_s,rc_f/sch,bangbang,0.0000,,,-0.4111,0.4161,0.8272,0.4161,0.6245,0.1982,0.1605,81,107,rail_frac=0.0000
vdd_steps_+27C,rc_f/sch,bangbang,0.0000,,0|0|0,-0.3019,0.0882,0.3901,0.3019,0.5000,0.1068,,93,94,relock_avg16 after 3.0|3.6|3.3 V
vdd_steps_-40C,rc_f/sch,bangbang,0.0000,,0|2|0,-0.2110,0.2036,0.4146,0.2110,1.0000,0.0037,,106,107,relock_avg16 after 3.0|3.6|3.3 V
cold_start_27C_3p3V,rc_f/sch,deadband,0.0000,34,31,0.0882,0.0882,0.0000,0.0882,1.0000,0.0882,0.0882,94,94,
ramp_1C_per_s,rc_f/sch,deadband,0.0000,,,-0.2578,0.2584,0.5162,0.2584,0.9917,0.1562,0.1543,81,107,rail_frac=0.0000
ramp_20C_per_s,rc_f/sch,deadband,0.0000,,,-0.2559,0.2598,0.5157,0.2598,0.9917,0.1477,0.1110,81,107,rail_frac=0.0000
vdd_steps_+27C,rc_f/sch,deadband,0.0000,,0|1|0,0.0882,0.0882,0.0000,0.0882,1.0000,0.0882,,94,94,relock_avg16 after 3.0|3.6|3.3 V
vdd_steps_-40C,rc_f/sch,deadband,0.0000,,1|2|0,-0.2110,0.2036,0.4146,0.2110,1.0000,0.0037,,106,107,relock_avg16 after 3.0|3.6|3.3 V
cold_start_27C_3p3V,rc_f/sch,avg32,0.0000,1088,1082,0.0882,0.0882,0.0000,0.0882,1.0000,0.0882,0.0882,94,94,
ramp_1C_per_s,rc_f/sch,avg32,0.0000,,,-0.2568,0.2620,0.5189,0.2620,0.9907,0.2614,0.1576,81,107,rail_frac=0.0000
ramp_20C_per_s,rc_f/sch,avg32,0.0000,,,-0.2235,0.3329,0.5564,0.3329,0.9034,0.3210,0.1815,82,107,rail_frac=0.0000
vdd_steps_+27C,rc_f/sch,avg32,0.0000,,None|97|31,0.0882,0.0882,0.0000,0.0882,1.0000,0.0882,,94,94,relock_avg16 after 3.0|3.6|3.3 V
vdd_steps_-40C,rc_f/sch,avg32,0.0000,,63|128|43,-0.2110,0.2036,0.4146,0.2110,1.0000,0.2110,,106,107,relock_avg16 after 3.0|3.6|3.3 V
cold_start_27C_3p3V,rc_f/sch,fracdither,0.0000,none,7,-0.3019,0.0882,0.3901,0.3019,0.7740,0.0151,0.0032,93,94,
ramp_1C_per_s,rc_f/sch,fracdither,0.0000,,,-0.4773,0.4794,0.9566,0.4794,0.8022,0.0401,0.0104,81,107,rail_frac=0.0000
ramp_20C_per_s,rc_f/sch,fracdither,0.0000,,,-0.4647,0.4664,0.9311,0.4664,0.7980,0.0393,0.0141,81,107,rail_frac=0.0000
vdd_steps_+27C,rc_f/sch,fracdither,0.0000,,0|1|0,-0.3019,0.0882,0.3901,0.3019,0.7740,0.0151,,93,94,relock_avg16 after 3.0|3.6|3.3 V
vdd_steps_-40C,rc_f/sch,fracdither,0.0000,,0|2|0,-0.2110,0.2036,0.4146,0.2110,1.0000,0.0296,,106,107,relock_avg16 after 3.0|3.6|3.3 V
cold_start_27C_3p3V,rc_f/sch,bangbang,500.0000,none,30,-0.3019,0.4799,0.7818,0.4799,0.5010,0.1068,0.1068,93,95,
ramp_1C_per_s,rc_f/sch,bangbang,500.0000,,,-0.4987,0.5017,1.0005,0.5017,0.6244,0.2086,0.1641,81,107,rail_frac=0.0000
ramp_20C_per_s,rc_f/sch,bangbang,500.0000,,,-0.4887,0.5073,0.9960,0.5073,0.6241,0.2022,0.1323,81,107,rail_frac=0.0000
vdd_steps_+27C,rc_f/sch,bangbang,500.0000,,0|1|0,-0.3019,0.0882,0.3901,0.3019,0.5000,0.1068,,93,94,relock_avg16 after 3.0|3.6|3.3 V
vdd_steps_-40C,rc_f/sch,bangbang,500.0000,,0|2|0,-0.2110,0.2036,0.4146,0.2110,1.0000,0.0037,,106,107,relock_avg16 after 3.0|3.6|3.3 V
cold_start_27C_3p3V,rc_f/sch,deadband,500.0000,none,31,-0.3019,0.0882,0.3901,0.3019,0.9415,0.0882,0.0882,93,94,
ramp_1C_per_s,rc_f/sch,deadband,500.0000,,,-0.3491,0.3502,0.6993,0.3502,0.9363,0.1298,0.1021,81,107,rail_frac=0.0000
ramp_20C_per_s,rc_f/sch,deadband,500.0000,,,-0.3424,0.3408,0.6832,0.3424,0.9394,0.1254,0.0806,81,107,rail_frac=0.0000
vdd_steps_+27C,rc_f/sch,deadband,500.0000,,0|1|0,-0.3019,0.0882,0.3901,0.3019,0.9480,0.0882,,93,94,relock_avg16 after 3.0|3.6|3.3 V
vdd_steps_-40C,rc_f/sch,deadband,500.0000,,0|2|0,-0.2110,0.2036,0.4146,0.2110,1.0000,0.0481,,106,107,relock_avg16 after 3.0|3.6|3.3 V
cold_start_27C_3p3V,rc_f/sch,avg32,500.0000,1088,1082,0.0882,0.0882,0.0000,0.0882,1.0000,0.0882,0.0882,94,94,
ramp_1C_per_s,rc_f/sch,avg32,500.0000,,,-0.2582,0.2620,0.5202,0.2620,0.9906,0.2614,0.1592,81,107,rail_frac=0.0000
ramp_20C_per_s,rc_f/sch,avg32,500.0000,,,-0.2336,0.3219,0.5555,0.3219,0.9111,0.3100,0.1833,82,107,rail_frac=0.0000
vdd_steps_+27C,rc_f/sch,avg32,500.0000,,None|97|31,0.0882,0.0882,0.0000,0.0882,1.0000,0.0882,,94,94,relock_avg16 after 3.0|3.6|3.3 V
vdd_steps_-40C,rc_f/sch,avg32,500.0000,,63|128|43,-0.2110,0.2036,0.4146,0.2110,1.0000,0.2110,,106,107,relock_avg16 after 3.0|3.6|3.3 V
cold_start_27C_3p3V,rc_f/sch,fracdither,500.0000,none,7,-0.3019,0.0882,0.3901,0.3019,0.7740,0.0151,0.0032,93,94,
ramp_1C_per_s,rc_f/sch,fracdither,500.0000,,,-0.4914,0.4929,0.9843,0.4929,0.8007,0.0468,0.0112,81,107,rail_frac=0.0000
ramp_20C_per_s,rc_f/sch,fracdither,500.0000,,,-0.4565,0.4625,0.9190,0.4625,0.8005,0.0443,0.0138,81,107,rail_frac=0.0000
vdd_steps_+27C,rc_f/sch,fracdither,500.0000,,0|1|0,-0.3019,0.0882,0.3901,0.3019,0.7740,0.0151,,93,94,relock_avg16 after 3.0|3.6|3.3 V
vdd_steps_-40C,rc_f/sch,fracdither,500.0000,,0|2|0,-0.2110,0.2036,0.4146,0.2110,1.0000,0.0296,,106,107,relock_avg16 after 3.0|3.6|3.3 V
cold_start_27C_3p3V,rc_s/sch,bangbang,0.0000,none,70,-0.2037,0.5355,0.7392,0.5355,0.5000,0.1659,0.1659,201,202,
ramp_1C_per_s,rc_s/sch,bangbang,0.0000,,,-0.7349,0.8119,1.5467,0.8119,0.3397,0.4043,0.4024,197,209,rail_frac=0.0000
ramp_20C_per_s,rc_s/sch,bangbang,0.0000,,,-0.7332,0.8112,1.5444,0.8112,0.3403,0.3635,0.3378,197,209,rail_frac=0.0000
vdd_steps_+27C,rc_s/sch,bangbang,0.0000,,0|0|0,-0.2037,0.5355,0.7392,0.5355,0.5000,0.1659,,201,202,relock_avg16 after 3.0|3.6|3.3 V
vdd_steps_-40C,rc_s/sch,bangbang,0.0000,,0|0|None,-0.0146,0.7974,0.8120,0.7974,0.5000,0.3914,,208,209,relock_avg16 after 3.0|3.6|3.3 V
cold_start_27C_3p3V,rc_s/sch,deadband,0.0000,none,70,-0.2037,0.5355,0.7392,0.5355,0.5000,0.1659,0.1659,201,202,
ramp_1C_per_s,rc_s/sch,deadband,0.0000,,,-0.5800,0.5832,1.1632,0.5832,0.5509,0.2123,0.2110,197,208,rail_frac=0.0000
ramp_20C_per_s,rc_s/sch,deadband,0.0000,,,-0.5781,0.5843,1.1624,0.5843,0.5508,0.2058,0.1803,197,208,rail_frac=0.0000
vdd_steps_+27C,rc_s/sch,deadband,0.0000,,0|0|0,-0.2037,0.5355,0.7392,0.5355,0.5000,0.1659,,201,202,relock_avg16 after 3.0|3.6|3.3 V
vdd_steps_-40C,rc_s/sch,deadband,0.0000,,0|0|0,-0.0146,-0.0146,0.0000,0.0146,1.0000,0.0146,,208,208,relock_avg16 after 3.0|3.6|3.3 V
cold_start_27C_3p3V,rc_s/sch,avg32,0.0000,none,none,-0.2037,0.5355,0.7392,0.5355,0.5040,0.5355,0.1659,201,202,
ramp_1C_per_s,rc_s/sch,avg32,0.0000,,,-0.5792,0.5856,1.1648,0.5856,0.5490,0.5851,0.2158,197,208,rail_frac=0.0000
ramp_20C_per_s,rc_s/sch,avg32,0.0000,,,-0.5609,0.6173,1.1782,0.6173,0.5447,0.6059,0.2481,197,208,rail_frac=0.0000
vdd_steps_+27C,rc_s/sch,avg32,0.0000,,None|None|None,-0.2037,0.5355,0.7392,0.5355,0.4880,0.5355,,201,202,relock_avg16 after 3.0|3.6|3.3 V
vdd_steps_-40C,rc_s/sch,avg32,0.0000,,None|None|39,-0.0146,-0.0146,0.0000,0.0146,1.0000,0.0146,,208,208,relock_avg16 after 3.0|3.6|3.3 V
cold_start_27C_3p3V,rc_s/sch,fracdither,0.0000,none,6,-0.9374,0.5355,1.4729,0.9374,0.7005,0.0280,0.0073,200,202,
ramp_1C_per_s,rc_s/sch,fracdither,0.0000,,,-1.0014,1.0639,2.0653,1.0639,0.4405,0.0833,0.0196,196,209,rail_frac=0.0000
ramp_20C_per_s,rc_s/sch,fracdither,0.0000,,,-0.9522,1.0138,1.9660,1.0138,0.4407,0.0755,0.0206,196,209,rail_frac=0.0000
vdd_steps_+27C,rc_s/sch,fracdither,0.0000,,0|0|0,-0.9374,0.5355,1.4729,0.9374,0.6800,0.0280,,200,202,relock_avg16 after 3.0|3.6|3.3 V
vdd_steps_-40C,rc_s/sch,fracdither,0.0000,,0|0|0,-0.7498,0.7974,1.5472,0.7974,0.6200,0.0505,,207,209,relock_avg16 after 3.0|3.6|3.3 V
cold_start_27C_3p3V,rc_s/sch,bangbang,500.0000,none,70,-0.2037,0.5355,0.7392,0.5355,0.5000,0.1659,0.1659,201,202,
ramp_1C_per_s,rc_s/sch,bangbang,500.0000,,,-0.8258,0.9057,1.7315,0.9057,0.3397,0.3726,0.3179,196,209,rail_frac=0.0000
ramp_20C_per_s,rc_s/sch,bangbang,500.0000,,,-0.8098,0.8818,1.6917,0.8818,0.3401,0.3696,0.2995,196,209,rail_frac=0.0000
vdd_steps_+27C,rc_s/sch,bangbang,500.0000,,0|0|0,-0.2037,0.5355,0.7392,0.5355,0.5000,0.1659,,201,202,relock_avg16 after 3.0|3.6|3.3 V
vdd_steps_-40C,rc_s/sch,bangbang,500.0000,,0|0|1094,-0.7498,0.7974,1.5472,0.7974,0.5040,0.3914,,207,209,relock_avg16 after 3.0|3.6|3.3 V
cold_start_27C_3p3V,rc_s/sch,deadband,500.0000,none,70,-0.2037,0.5355,0.7392,0.5355,0.5360,0.1659,0.1659,201,202,
ramp_1C_per_s,rc_s/sch,deadband,500.0000,,,-0.6710,0.6797,1.3507,0.6797,0.5219,0.2353,0.1766,197,208,rail_frac=0.0000
ramp_20C_per_s,rc_s/sch,deadband,500.0000,,,-0.6563,0.6606,1.3170,0.6606,0.5238,0.2113,0.1643,197,208,rail_frac=0.0000
vdd_steps_+27C,rc_s/sch,deadband,500.0000,,0|0|0,-0.2037,0.5355,0.7392,0.5355,0.5380,0.1659,,201,202,relock_avg16 after 3.0|3.6|3.3 V
vdd_steps_-40C,rc_s/sch,deadband,500.0000,,0|0|0,-0.0146,-0.0146,0.0000,0.0146,1.0000,0.0146,,208,208,relock_avg16 after 3.0|3.6|3.3 V
cold_start_27C_3p3V,rc_s/sch,avg32,500.0000,none,none,-0.2037,0.5355,0.7392,0.5355,0.5040,0.5355,0.1659,201,202,
ramp_1C_per_s,rc_s/sch,avg32,500.0000,,,-0.5797,0.5877,1.1673,0.5877,0.5486,0.5871,0.2179,197,208,rail_frac=0.0000
ramp_20C_per_s,rc_s/sch,avg32,500.0000,,,-0.5609,0.6173,1.1782,0.6173,0.5447,0.6059,0.2481,197,208,rail_frac=0.0000
vdd_steps_+27C,rc_s/sch,avg32,500.0000,,None|None|None,-0.2037,0.5355,0.7392,0.5355,0.4880,0.5355,,201,202,relock_avg16 after 3.0|3.6|3.3 V
vdd_steps_-40C,rc_s/sch,avg32,500.0000,,None|None|39,-0.0146,-0.0146,0.0000,0.0146,1.0000,0.0146,,208,208,relock_avg16 after 3.0|3.6|3.3 V
cold_start_27C_3p3V,rc_s/sch,fracdither,500.0000,none,6,-0.9374,0.5355,1.4729,0.9374,0.6830,0.0647,0.0162,200,202,
ramp_1C_per_s,rc_s/sch,fracdither,500.0000,,,-1.0366,1.0966,2.1332,1.0966,0.4403,0.0897,0.0225,196,209,rail_frac=0.0000
ramp_20C_per_s,rc_s/sch,fracdither,500.0000,,,-0.9798,0.9970,1.9768,0.9970,0.4420,0.0718,0.0199,196,209,rail_frac=0.0000
vdd_steps_+27C,rc_s/sch,fracdither,500.0000,,0|0|0,-0.9374,0.5355,1.4729,0.9374,0.6940,0.0280,,200,202,relock_avg16 after 3.0|3.6|3.3 V
vdd_steps_-40C,rc_s/sch,fracdither,500.0000,,0|1|0,-0.7498,0.7974,1.5472,0.7974,0.6200,0.0510,,207,209,relock_avg16 after 3.0|3.6|3.3 V
cold_start_27C_3p3V,tt/ext,bangbang,0.0000,none,82,-0.2531,0.4714,0.7245,0.4714,0.0000,0.1091,0.1091,213,214,
ramp_1C_per_s,tt/ext,bangbang,0.0000,,,-0.7207,0.7262,1.4469,0.7262,0.3522,0.3617,0.3606,209,219,rail_frac=0.0000
ramp_20C_per_s,tt/ext,bangbang,0.0000,,,-0.7197,0.7270,1.4466,0.7270,0.3519,0.3572,0.3341,209,219,rail_frac=0.0000
vdd_steps_+27C,tt/ext,bangbang,0.0000,,None|0|0,-0.2531,0.4714,0.7245,0.4714,0.0000,0.1091,,213,214,relock_avg16 after 3.0|3.6|3.3 V
vdd_steps_-40C,tt/ext,bangbang,0.0000,,None|None|0,-0.2970,0.4271,0.7242,0.4271,0.0000,0.0651,,218,219,relock_avg16 after 3.0|3.6|3.3 V
cold_start_27C_3p3V,tt/ext,deadband,0.0000,none,82,-0.2531,0.4714,0.7245,0.4714,0.0000,0.1091,0.1091,213,214,
ramp_1C_per_s,tt/ext,deadband,0.0000,,,-0.5659,0.5689,1.1348,0.5689,0.5717,0.2051,0.2038,209,219,rail_frac=0.0000
ramp_20C_per_s,tt/ext,deadband,0.0000,,,-0.5645,0.5692,1.1337,0.5692,0.5714,0.1998,0.1769,209,219,rail_frac=0.0000
vdd_steps_+27C,tt/ext,deadband,0.0000,,0|0|0,-0.2531,0.4714,0.7245,0.4714,0.0000,0.1091,,213,214,relock_avg16 after 3.0|3.6|3.3 V
vdd_steps_-40C,tt/ext,deadband,0.0000,,0|0|0,-0.2970,0.4271,0.7242,0.4271,0.0000,0.0651,,218,219,relock_avg16 after 3.0|3.6|3.3 V
cold_start_27C_3p3V,tt/ext,avg32,0.0000,none,none,-0.2531,0.4714,0.7245,0.4714,0.0000,0.4714,0.1091,213,214,
ramp_1C_per_s,tt/ext,avg32,0.0000,,,-0.5648,0.5712,1.1361,0.5712,0.5701,0.5708,0.2086,209,219,rail_frac=0.0000
ramp_20C_per_s,tt/ext,avg32,0.0000,,,-0.5391,0.6199,1.1590,0.6199,0.5701,0.6117,0.2576,209,219,rail_frac=0.0000
vdd_steps_+27C,tt/ext,avg32,0.0000,,61|None|None,-0.2531,0.4714,0.7245,0.4714,0.0000,0.4714,,213,214,relock_avg16 after 3.0|3.6|3.3 V
vdd_steps_-40C,tt/ext,avg32,0.0000,,30|37|None,-0.2970,0.4271,0.7242,0.4271,0.0000,0.4271,,218,219,relock_avg16 after 3.0|3.6|3.3 V
cold_start_27C_3p3V,tt/ext,fracdither,0.0000,none,6,-0.2531,0.4714,0.7245,0.4714,0.0000,0.0267,0.0073,213,214,
ramp_1C_per_s,tt/ext,fracdither,0.0000,,,-0.9621,0.9795,1.9416,0.9795,0.4600,0.0809,0.0200,209,219,rail_frac=0.0000
ramp_20C_per_s,tt/ext,fracdither,0.0000,,,-0.9307,0.9780,1.9087,0.9780,0.4657,0.0686,0.0195,209,219,rail_frac=0.0000
vdd_steps_+27C,tt/ext,fracdither,0.0000,,0|0|0,-0.2531,0.4714,0.7245,0.4714,0.0000,0.0267,,213,214,relock_avg16 after 3.0|3.6|3.3 V
vdd_steps_-40C,tt/ext,fracdither,0.0000,,0|0|0,-0.2970,0.4271,0.7242,0.4271,0.0000,0.0255,,218,219,relock_avg16 after 3.0|3.6|3.3 V
cold_start_27C_3p3V,tt/ext,bangbang,500.0000,none,82,-0.2531,0.4714,0.7245,0.4714,0.0000,0.1091,0.1091,213,214,
ramp_1C_per_s,tt/ext,bangbang,500.0000,,,-0.8080,0.8189,1.6269,0.8189,0.3520,0.3638,0.3213,209,219,rail_frac=0.0000
ramp_20C_per_s,tt/ext,bangbang,500.0000,,,-0.7981,0.8111,1.6092,0.8111,0.3523,0.3555,0.3078,209,219,rail_frac=0.0000
vdd_steps_+27C,tt/ext,bangbang,500.0000,,None|0|0,-0.2531,0.4714,0.7245,0.4714,0.0000,0.1091,,213,214,relock_avg16 after 3.0|3.6|3.3 V
vdd_steps_-40C,tt/ext,bangbang,500.0000,,None|None|0,-0.2970,0.4271,0.7242,0.4271,0.0000,0.0651,,218,219,relock_avg16 after 3.0|3.6|3.3 V
cold_start_27C_3p3V,tt/ext,deadband,500.0000,none,82,-0.2531,0.4714,0.7245,0.4714,0.0000,0.1091,0.1091,213,214,
ramp_1C_per_s,tt/ext,deadband,500.0000,,,-0.6593,0.6622,1.3215,0.6622,0.5419,0.2193,0.1729,209,219,rail_frac=0.0000
ramp_20C_per_s,tt/ext,deadband,500.0000,,,-0.6409,0.6602,1.3012,0.6602,0.5410,0.2094,0.1630,209,219,rail_frac=0.0000
vdd_steps_+27C,tt/ext,deadband,500.0000,,0|0|0,-0.2531,0.4714,0.7245,0.4714,0.0000,0.1091,,213,214,relock_avg16 after 3.0|3.6|3.3 V
vdd_steps_-40C,tt/ext,deadband,500.0000,,0|0|0,-0.2970,0.4271,0.7242,0.4271,0.0000,0.0651,,218,219,relock_avg16 after 3.0|3.6|3.3 V
cold_start_27C_3p3V,tt/ext,avg32,500.0000,none,none,-0.2531,0.4714,0.7245,0.4714,0.0000,0.4714,0.1091,213,214,
ramp_1C_per_s,tt/ext,avg32,500.0000,,,-0.5662,0.5738,1.1400,0.5738,0.5685,0.5734,0.2112,209,219,rail_frac=0.0000
ramp_20C_per_s,tt/ext,avg32,500.0000,,,-0.5391,0.6154,1.1545,0.6154,0.5753,0.6071,0.2531,209,219,rail_frac=0.0000
vdd_steps_+27C,tt/ext,avg32,500.0000,,61|None|None,-0.2531,0.4714,0.7245,0.4714,0.0000,0.4714,,213,214,relock_avg16 after 3.0|3.6|3.3 V
vdd_steps_-40C,tt/ext,avg32,500.0000,,30|37|None,-0.2970,0.4271,0.7242,0.4271,0.0000,0.4271,,218,219,relock_avg16 after 3.0|3.6|3.3 V
cold_start_27C_3p3V,tt/ext,fracdither,500.0000,none,6,-0.9723,0.4714,1.4437,0.9723,0.0000,0.0267,0.0153,212,214,
ramp_1C_per_s,tt/ext,fracdither,500.0000,,,-1.0092,1.0304,2.0396,1.0304,0.4575,0.0791,0.0192,209,219,rail_frac=0.0000
ramp_20C_per_s,tt/ext,fracdither,500.0000,,,-0.9834,1.0240,2.0075,1.0240,0.4679,0.0761,0.0184,209,219,rail_frac=0.0000
vdd_steps_+27C,tt/ext,fracdither,500.0000,,0|0|0,-0.9723,0.4714,1.4437,0.9723,0.0000,0.0267,,212,214,relock_avg16 after 3.0|3.6|3.3 V
vdd_steps_-40C,tt/ext,fracdither,500.0000,,0|0|0,-0.2970,0.4271,0.7242,0.4271,0.0000,0.0255,,218,219,relock_avg16 after 3.0|3.6|3.3 V
cold_start_27C_3p3V,ff/ext,bangbang,0.0000,none,47,-0.2477,0.3314,0.5791,0.3314,0.5000,0.0419,0.0419,178,179,
ramp_1C_per_s,ff/ext,bangbang,0.0000,,,-0.5767,0.5806,1.1573,0.5806,0.4465,0.2887,0.2862,167,191,rail_frac=0.0000
ramp_20C_per_s,ff/ext,bangbang,0.0000,,,-0.5742,0.5823,1.1565,0.5823,0.4468,0.2780,0.2300,167,191,rail_frac=0.0000
vdd_steps_+27C,ff/ext,bangbang,0.0000,,0|1|0,-0.2477,0.3314,0.5791,0.3314,0.5000,0.0419,,178,179,relock_avg16 after 3.0|3.6|3.3 V
vdd_steps_-40C,ff/ext,bangbang,0.0000,,1|14|7,-0.2079,0.4354,0.6434,0.4354,0.5000,0.1137,,195,196,relock_avg16 after 3.0|3.6|3.3 V
cold_start_27C_3p3V,ff/ext,deadband,0.0000,none,47,-0.2477,0.3314,0.5791,0.3314,0.5000,0.0419,0.0419,178,179,
ramp_1C_per_s,ff/ext,deadband,0.0000,,,-0.4217,0.4235,0.8451,0.4235,0.7230,0.1561,0.1538,167,190,rail_frac=0.0000
ramp_20C_per_s,ff/ext,deadband,0.0000,,,-0.4187,0.4242,0.8429,0.4242,0.7232,0.1451,0.0974,167,190,rail_frac=0.0000
vdd_steps_+27C,ff/ext,deadband,0.0000,,0|1|0,-0.2477,0.3314,0.5791,0.3314,0.5000,0.0419,,178,179,relock_avg16 after 3.0|3.6|3.3 V
vdd_steps_-40C,ff/ext,deadband,0.0000,,0|15|8,-0.2079,0.4354,0.6434,0.4354,0.5000,0.1137,,195,196,relock_avg16 after 3.0|3.6|3.3 V
cold_start_27C_3p3V,ff/ext,avg32,0.0000,none,none,-0.2477,0.3314,0.5791,0.3314,0.4960,0.3314,0.0419,178,179,
ramp_1C_per_s,ff/ext,avg32,0.0000,,,-0.4202,0.4277,0.8479,0.4277,0.7199,0.4270,0.1576,167,190,rail_frac=0.0000
ramp_20C_per_s,ff/ext,avg32,0.0000,,,-0.3799,0.5183,0.8983,0.5183,0.6773,0.5028,0.2292,167,190,rail_frac=0.0000
vdd_steps_+27C,ff/ext,avg32,0.0000,,33|None|None,-0.2477,0.3314,0.5791,0.3314,0.4880,0.3314,,178,179,relock_avg16 after 3.0|3.6|3.3 V
vdd_steps_-40C,ff/ext,avg32,0.0000,,58|None|None,-0.2079,0.4354,0.6434,0.4354,0.4880,0.4354,,195,196,relock_avg16 after 3.0|3.6|3.3 V
cold_start_27C_3p3V,ff/ext,fracdither,0.0000,none,6,-0.2477,0.3314,0.5791,0.3314,0.5720,0.0419,0.0057,178,179,
ramp_1C_per_s,ff/ext,fracdither,0.0000,,,-0.7148,0.7210,1.4358,0.7210,0.6075,0.0605,0.0152,167,191,rail_frac=0.0000
ramp_20C_per_s,ff/ext,fracdither,0.0000,,,-0.7101,0.7169,1.4270,0.7169,0.5999,0.0580,0.0170,167,191,rail_frac=0.0000
vdd_steps_+27C,ff/ext,fracdither,0.0000,,0|0|0,-0.2477,0.3314,0.5791,0.3314,0.5720,0.0419,,178,179,relock_avg16 after 3.0|3.6|3.3 V
vdd_steps_-40C,ff/ext,fracdither,0.0000,,0|3|2,-0.2079,0.4354,0.6434,0.4354,0.6780,0.0471,,195,196,relock_avg16 after 3.0|3.6|3.3 V
cold_start_27C_3p3V,ff/ext,bangbang,500.0000,none,47,-0.2477,0.3314,0.5791,0.3314,0.5000,0.0419,0.0419,178,179,
ramp_1C_per_s,ff/ext,bangbang,500.0000,,,-0.6645,0.6726,1.3372,0.6726,0.4462,0.2981,0.2377,167,191,rail_frac=0.0000
ramp_20C_per_s,ff/ext,bangbang,500.0000,,,-0.6487,0.6383,1.2870,0.6487,0.4468,0.2655,0.2182,167,191,rail_frac=0.0000
vdd_steps_+27C,ff/ext,bangbang,500.0000,,0|1|0,-0.2477,0.3314,0.5791,0.3314,0.5000,0.0419,,178,179,relock_avg16 after 3.0|3.6|3.3 V
vdd_steps_-40C,ff/ext,bangbang,500.0000,,1|14|7,-0.2079,0.4354,0.6434,0.4354,0.5000,0.1137,,195,196,relock_avg16 after 3.0|3.6|3.3 V
cold_start_27C_3p3V,ff/ext,deadband,500.0000,none,47,-0.2477,0.3314,0.5791,0.3314,0.5020,0.0419,0.0419,178,179,
ramp_1C_per_s,ff/ext,deadband,500.0000,,,-0.5124,0.5198,1.0321,0.5198,0.6850,0.1483,0.1088,167,190,rail_frac=0.0000
ramp_20C_per_s,ff/ext,deadband,500.0000,,,-0.4995,0.5178,1.0173,0.5178,0.6858,0.1354,0.0786,167,190,rail_frac=0.0000
vdd_steps_+27C,ff/ext,deadband,500.0000,,0|0|0,-0.2477,0.3314,0.5791,0.3314,0.5020,0.0419,,178,179,relock_avg16 after 3.0|3.6|3.3 V
vdd_steps_-40C,ff/ext,deadband,500.0000,,0|15|7,-0.2079,0.4354,0.6434,0.4354,0.5300,0.1137,,195,196,relock_avg16 after 3.0|3.6|3.3 V
cold_start_27C_3p3V,ff/ext,avg32,500.0000,none,none,-0.2477,0.3314,0.5791,0.3314,0.4960,0.3314,0.0419,178,179,
ramp_1C_per_s,ff/ext,avg32,500.0000,,,-0.4200,0.4277,0.8477,0.4277,0.7207,0.4270,0.1591,167,190,rail_frac=0.0000
ramp_20C_per_s,ff/ext,avg32,500.0000,,,-0.3799,0.5183,0.8983,0.5183,0.6746,0.5028,0.2292,167,190,rail_frac=0.0000
vdd_steps_+27C,ff/ext,avg32,500.0000,,33|None|None,-0.2477,0.3314,0.5791,0.3314,0.4880,0.3314,,178,179,relock_avg16 after 3.0|3.6|3.3 V
vdd_steps_-40C,ff/ext,avg32,500.0000,,58|None|None,-0.2079,0.4354,0.6434,0.4354,0.4880,0.4354,,195,196,relock_avg16 after 3.0|3.6|3.3 V
cold_start_27C_3p3V,ff/ext,fracdither,500.0000,none,6,-0.2477,0.3314,0.5791,0.3314,0.5725,0.0419,0.0057,178,179,
ramp_1C_per_s,ff/ext,fracdither,500.0000,,,-0.7400,0.7422,1.4822,0.7422,0.6062,0.0654,0.0148,167,191,rail_frac=0.0000
ramp_20C_per_s,ff/ext,fracdither,500.0000,,,-0.6971,0.7267,1.4238,0.7267,0.6090,0.0656,0.0163,167,191,rail_frac=0.0000
vdd_steps_+27C,ff/ext,fracdither,500.0000,,0|0|0,-0.2477,0.3314,0.5791,0.3314,0.5720,0.0419,,178,179,relock_avg16 after 3.0|3.6|3.3 V
vdd_steps_-40C,ff/ext,fracdither,500.0000,,0|3|2,-0.2079,0.4354,0.6434,0.4354,0.6760,0.0471,,195,196,relock_avg16 after 3.0|3.6|3.3 V
cold_start_27C_3p3V,ss/ext,bangbang,0.0000,none,114,-0.3165,0.1331,0.4496,0.3165,0.5000,0.0917,0.0917,244,245,
ramp_1C_per_s,ss/ext,bangbang,0.0000,,,-0.4793,0.4676,0.9469,0.4793,0.5349,0.2241,0.2231,238,252,rail_frac=0.0000
ramp_20C_per_s,ss/ext,bangbang,0.0000,,,-0.4779,0.4668,0.9447,0.4779,0.5353,0.2202,0.2010,238,252,rail_frac=0.0000
vdd_steps_+27C,ss/ext,bangbang,0.0000,,2|2|0,-0.3165,0.1331,0.4496,0.3165,0.5000,0.0917,,244,245,relock_avg16 after 3.0|3.6|3.3 V
vdd_steps_-40C,ss/ext,bangbang,0.0000,,None|2|0,-0.2863,0.1634,0.4497,0.2863,0.5000,0.0615,,251,252,relock_avg16 after 3.0|3.6|3.3 V
cold_start_27C_3p3V,ss/ext,deadband,0.0000,117,113,0.1331,0.1331,0.0000,0.1331,1.0000,0.1331,0.1331,245,245,
ramp_1C_per_s,ss/ext,deadband,0.0000,,,-0.3242,0.4676,0.7918,0.4676,0.8947,0.1720,0.1591,238,252,rail_frac=0.0000
ramp_20C_per_s,ss/ext,deadband,0.0000,,,-0.3220,0.4676,0.7896,0.4676,0.8939,0.1678,0.1368,238,252,rail_frac=0.0000
vdd_steps_+27C,ss/ext,deadband,0.0000,,1|5|0,0.1331,0.1331,0.0000,0.1331,1.0000,0.1331,,245,245,relock_avg16 after 3.0|3.6|3.3 V
vdd_steps_-40C,ss/ext,deadband,0.0000,,None|4|0,-0.2863,0.1634,0.4497,0.2863,0.5000,0.0615,,251,252,relock_avg16 after 3.0|3.6|3.3 V
cold_start_27C_3p3V,ss/ext,avg32,0.0000,3744,3731,0.1331,0.1331,0.0000,0.1331,1.0000,0.1331,0.1331,245,245,
ramp_1C_per_s,ss/ext,avg32,0.0000,,,-0.3212,0.4676,0.7888,0.4676,0.8928,0.4657,0.2859,238,252,rail_frac=0.0000
ramp_20C_per_s,ss/ext,avg32,0.0000,,,-0.2796,0.4589,0.7385,0.4589,0.8903,0.4529,0.3059,238,252,rail_frac=0.0000
vdd_steps_+27C,ss/ext,avg32,0.0000,,None|196|63,0.1331,0.1331,0.0000,0.1331,1.0000,0.1331,,245,245,relock_avg16 after 3.0|3.6|3.3 V
vdd_steps_-40C,ss/ext,avg32,0.0000,,None|163|None,-0.2863,0.1634,0.4497,0.2863,0.4880,0.2863,,251,252,relock_avg16 after 3.0|3.6|3.3 V
cold_start_27C_3p3V,ss/ext,fracdither,0.0000,none,8,-0.3165,0.1331,0.4496,0.3165,0.7040,0.0207,0.0074,244,245,
ramp_1C_per_s,ss/ext,fracdither,0.0000,,,-0.5284,0.5228,1.0512,0.5284,0.7066,0.0826,0.0327,238,252,rail_frac=0.0000
ramp_20C_per_s,ss/ext,fracdither,0.0000,,,-0.5133,0.5132,1.0265,0.5133,0.7023,0.1111,0.0369,238,252,rail_frac=0.0000
vdd_steps_+27C,ss/ext,fracdither,0.0000,,1|2|0,-0.3165,0.1331,0.4496,0.3165,0.7040,0.0207,,244,245,relock_avg16 after 3.0|3.6|3.3 V
vdd_steps_-40C,ss/ext,fracdither,0.0000,,None|2|0,-0.2863,0.1634,0.4497,0.2863,0.6380,0.0333,,251,252,relock_avg16 after 3.0|3.6|3.3 V
cold_start_27C_3p3V,ss/ext,bangbang,500.0000,none,114,-0.3165,0.1331,0.4496,0.3165,0.5000,0.0917,0.0917,244,245,
ramp_1C_per_s,ss/ext,bangbang,500.0000,,,-0.5589,0.5420,1.1009,0.5589,0.5343,0.2298,0.1905,238,252,rail_frac=0.0000
ramp_20C_per_s,ss/ext,bangbang,500.0000,,,-0.5318,0.5330,1.0649,0.5330,0.5343,0.2119,0.1848,238,252,rail_frac=0.0000
vdd_steps_+27C,ss/ext,bangbang,500.0000,,2|2|0,-0.3165,0.1331,0.4496,0.3165,0.5000,0.0917,,244,245,relock_avg16 after 3.0|3.6|3.3 V
vdd_steps_-40C,ss/ext,bangbang,500.0000,,None|2|1,-0.2863,0.1634,0.4497,0.2863,0.5000,0.0615,,251,252,relock_avg16 after 3.0|3.6|3.3 V
cold_start_27C_3p3V,ss/ext,deadband,500.0000,none,113,-0.3165,0.1331,0.4496,0.3165,0.7440,0.1050,0.0488,244,245,
ramp_1C_per_s,ss/ext,deadband,500.0000,,,-0.4156,0.4676,0.8833,0.4676,0.8288,0.1259,0.1005,238,252,rail_frac=0.0000
ramp_20C_per_s,ss/ext,deadband,500.0000,,,-0.4003,0.4668,0.8672,0.4668,0.8312,0.1172,0.0791,238,252,rail_frac=0.0000
vdd_steps_+27C,ss/ext,deadband,500.0000,,0|4|1,-0.3165,0.1331,0.4496,0.3165,0.7200,0.0769,,244,245,relock_avg16 after 3.0|3.6|3.3 V
vdd_steps_-40C,ss/ext,deadband,500.0000,,None|3|0,-0.2863,0.1634,0.4497,0.2863,0.6080,0.0615,,251,252,relock_avg16 after 3.0|3.6|3.3 V
cold_start_27C_3p3V,ss/ext,avg32,500.0000,3744,3731,0.1331,0.1331,0.0000,0.1331,1.0000,0.1331,0.1331,245,245,
ramp_1C_per_s,ss/ext,avg32,500.0000,,,-0.3224,0.4673,0.7897,0.4673,0.8916,0.4670,0.2846,238,252,rail_frac=0.0000
ramp_20C_per_s,ss/ext,avg32,500.0000,,,-0.2796,0.4589,0.7385,0.4589,0.8903,0.4529,0.3059,238,252,rail_frac=0.0000
vdd_steps_+27C,ss/ext,avg32,500.0000,,None|196|63,0.1331,0.1331,0.0000,0.1331,1.0000,0.1331,,245,245,relock_avg16 after 3.0|3.6|3.3 V
vdd_steps_-40C,ss/ext,avg32,500.0000,,None|163|None,-0.2863,0.1634,0.4497,0.2863,0.4880,0.2863,,251,252,relock_avg16 after 3.0|3.6|3.3 V
cold_start_27C_3p3V,ss/ext,fracdither,500.0000,none,8,-0.3165,0.1331,0.4496,0.3165,0.7040,0.0207,0.0074,244,245,
ramp_1C_per_s,ss/ext,fracdither,500.0000,,,-1.0204,0.5459,1.5663,1.0204,0.7077,0.1023,0.0321,237,252,rail_frac=0.0000
ramp_20C_per_s,ss/ext,fracdither,500.0000,,,-0.5166,0.5207,1.0373,0.5207,0.7050,0.1302,0.0387,238,252,rail_frac=0.0000
vdd_steps_+27C,ss/ext,fracdither,500.0000,,1|2|1,-0.3165,0.1331,0.4496,0.3165,0.7040,0.0355,,244,245,relock_avg16 after 3.0|3.6|3.3 V
vdd_steps_-40C,ss/ext,fracdither,500.0000,,None|2|0,-0.2863,0.1634,0.4497,0.2863,0.6380,0.0229,,251,252,relock_avg16 after 3.0|3.6|3.3 V
