frame,bangbang_code,bangbang_err_pct,deadband_code,deadband_err_pct,avg32_code,avg32_err_pct,fracdither_code,fracdither_err_pct
0,128,-46.8596,128,-46.8596,128,-46.8596,128,-46.8596
1,129,-46.6162,129,-46.6162,128,-46.8596,165,-36.2342
2,130,-46.3718,130,-46.3718,128,-46.8596,195,-26.6060
3,131,-46.1262,131,-46.1262,128,-46.8596,215,-15.9269
4,132,-45.8794,132,-45.8794,128,-46.8596,229,-8.8081
5,133,-45.6316,133,-45.6316,128,-46.8596,235,-4.6918
6,134,-45.3826,134,-45.3826,128,-46.8596,240,-2.0947
7,135,-45.1325,135,-45.1325,128,-46.8596,241,-1.6531
8,136,-44.8812,136,-44.8812,128,-46.8596,242,-1.2096
9,137,-44.6288,137,-44.6288,128,-46.8596,243,-0.7640
10,138,-44.3752,138,-44.3752,128,-46.8596,244,-0.3165
11,139,-44.1205,139,-44.1205,128,-46.8596,244,-0.3165
12,140,-43.8646,140,-43.8646,128,-46.8596,245,0.1331
13,141,-43.6075,141,-43.6075,128,-46.8596,244,-0.3165
14,142,-43.3493,142,-43.3493,128,-46.8596,244,-0.3165
15,143,-43.0898,143,-43.0898,128,-46.8596,245,0.1331
16,144,-42.8292,144,-42.8292,128,-46.8596,245,0.1331
17,145,-42.5355,145,-42.5355,128,-46.8596,244,-0.3165
18,146,-42.2402,146,-42.2402,128,-46.8596,245,0.1331
19,147,-41.9434,147,-41.9434,128,-46.8596,245,0.1331
20,148,-41.6451,148,-41.6451,128,-46.8596,245,0.1331
21,149,-41.3453,149,-41.3453,128,-46.8596,244,-0.3165
22,150,-41.0439,150,-41.0439,128,-46.8596,245,0.1331
23,151,-40.7410,151,-40.7410,128,-46.8596,244,-0.3165
24,152,-40.4366,152,-40.4366,128,-46.8596,245,0.1331
25,153,-40.1305,153,-40.1305,128,-46.8596,245,0.1331
26,154,-39.8229,154,-39.8229,128,-46.8596,245,0.1331
27,155,-39.5137,155,-39.5137,128,-46.8596,244,-0.3165
28,156,-39.2029,156,-39.2029,128,-46.8596,245,0.1331
29,157,-38.8905,157,-38.8905,128,-46.8596,245,0.1331
30,158,-38.5766,158,-38.5766,128,-46.8596,245,0.1331
31,159,-38.2610,159,-38.2610,128,-46.8596,244,-0.3165
32,160,-37.9438,160,-37.9438,129,-46.6162,245,0.1331
33,161,-37.6055,161,-37.6055,129,-46.6162,245,0.1331
34,162,-37.2655,162,-37.2655,129,-46.6162,244,-0.3165
35,163,-36.9236,163,-36.9236,129,-46.6162,245,0.1331
36,164,-36.5798,164,-36.5798,129,-46.6162,245,0.1331
37,165,-36.2342,165,-36.2342,129,-46.6162,244,-0.3165
38,166,-35.8867,166,-35.8867,129,-46.6162,245,0.1331
39,167,-35.5372,167,-35.5372,129,-46.6162,245,0.1331
40,168,-35.1859,168,-35.1859,129,-46.6162,245,0.1331
41,169,-34.8327,169,-34.8327,129,-46.6162,244,-0.3165
42,170,-34.4775,170,-34.4775,129,-46.6162,245,0.1331
43,171,-34.1204,171,-34.1204,129,-46.6162,245,0.1331
44,172,-33.7614,172,-33.7614,129,-46.6162,244,-0.3165
45,173,-33.4004,173,-33.4004,129,-46.6162,245,0.1331
46,174,-33.0374,174,-33.0374,129,-46.6162,245,0.1331
47,175,-32.6725,175,-32.6725,129,-46.6162,244,-0.3165
48,176,-32.3055,176,-32.3055,129,-46.6162,245,0.1331
49,177,-31.9037,177,-31.9037,129,-46.6162,245,0.1331
50,178,-31.4994,178,-31.4994,129,-46.6162,245,0.1331
51,179,-31.0927,179,-31.0927,129,-46.6162,244,-0.3165
52,180,-30.6837,180,-30.6837,129,-46.6162,245,0.1331
53,181,-30.2722,181,-30.2722,129,-46.6162,245,0.1331
54,182,-29.8582,182,-29.8582,129,-46.6162,244,-0.3165
55,183,-29.4418,183,-29.4418,129,-46.6162,245,0.1331
56,184,-29.0229,184,-29.0229,129,-46.6162,245,0.1331
57,185,-28.6016,185,-28.6016,129,-46.6162,244,-0.3165
58,186,-28.1777,186,-28.1777,129,-46.6162,245,0.1331
59,187,-27.7513,187,-27.7513,129,-46.6162,245,0.1331
60,188,-27.3224,188,-27.3224,129,-46.6162,245,0.1331
61,189,-26.8909,189,-26.8909,129,-46.6162,244,-0.3165
62,190,-26.4569,190,-26.4569,129,-46.6162,245,0.1331
63,191,-26.0203,191,-26.0203,129,-46.6162,245,0.1331
64,192,-28.0387,192,-28.0387,130,-46.3718,244,-0.3165
65,193,-27.5642,193,-27.5642,130,-46.3718,245,0.1331
66,194,-27.0867,194,-27.0867,130,-46.3718,245,0.1331
67,195,-26.6060,195,-26.6060,130,-46.3718,245,0.1331
68,196,-26.1221,196,-26.1221,130,-46.3718,244,-0.3165
69,197,-25.6350,197,-25.6350,130,-46.3718,245,0.1331
70,198,-25.1448,198,-25.1448,130,-46.3718,245,0.1331
71,199,-24.6512,199,-24.6512,130,-46.3718,244,-0.3165
72,200,-24.1545,200,-24.1545,130,-46.3718,245,0.1331
73,201,-23.6545,201,-23.6545,130,-46.3718,245,0.1331
74,202,-23.1511,202,-23.1511,130,-46.3718,244,-0.3165
75,203,-22.6445,203,-22.6445,130,-46.3718,245,0.1331
76,204,-22.1345,204,-22.1345,130,-46.3718,245,0.1331
77,205,-21.6211,205,-21.6211,130,-46.3718,245,0.1331
78,206,-21.1044,206,-21.1044,130,-46.3718,244,-0.3165
79,207,-20.5842,207,-20.5842,130,-46.3718,245,0.1331
80,208,-20.0607,208,-20.0607,130,-46.3718,245,0.1331
81,209,-19.4828,209,-19.4828,130,-46.3718,244,-0.3165
82,210,-18.9008,210,-18.9008,130,-46.3718,245,0.1331
83,211,-18.3146,211,-18.3146,130,-46.3718,245,0.1331
84,212,-17.7241,212,-17.7241,130,-46.3718,245,0.1331
85,213,-17.1293,213,-17.1293,130,-46.3718,244,-0.3165
86,214,-16.5303,214,-16.5303,130,-46.3718,245,0.1331
87,215,-15.9269,215,-15.9269,130,-46.3718,245,0.1331
88,216,-15.3192,216,-15.3192,130,-46.3718,244,-0.3165
89,217,-14.7071,217,-14.7071,130,-46.3718,245,0.1331
90,218,-14.0905,218,-14.0905,130,-46.3718,245,0.1331
91,219,-13.4695,219,-13.4695,130,-46.3718,244,-0.3165
92,220,-12.8440,220,-12.8440,130,-46.3718,245,0.1331
93,221,-12.2140,221,-12.2140,130,-46.3718,245,0.1331
94,222,-11.5794,222,-11.5794,130,-46.3718,244,-0.3165
95,223,-10.9403,223,-10.9403,130,-46.3718,245,0.1331
96,224,-12.1022,224,-12.1022,131,-46.1262,245,0.1331
97,225,-11.4531,225,-11.4531,131,-46.1262,245,0.1331
98,226,-10.7991,226,-10.7991,131,-46.1262,244,-0.3165
99,227,-10.1403,227,-10.1403,131,-46.1262,245,0.1331
100,228,-9.4767,228,-9.4767,131,-46.1262,245,0.1331
101,229,-8.8081,229,-8.8081,131,-46.1262,245,0.1331
102,230,-8.1346,230,-8.1346,131,-46.1262,244,-0.3165
103,231,-7.4561,231,-7.4561,131,-46.1262,245,0.1331
104,232,-6.7727,232,-6.7727,131,-46.1262,245,0.1331
105,233,-6.0841,233,-6.0841,131,-46.1262,244,-0.3165
106,234,-5.3905,234,-5.3905,131,-46.1262,245,0.1331
107,235,-4.6918,235,-4.6918,131,-46.1262,245,0.1331
108,236,-3.9879,236,-3.9879,131,-46.1262,244,-0.3165
109,237,-3.2788,237,-3.2788,131,-46.1262,245,0.1331
110,238,-2.5645,238,-2.5645,131,-46.1262,245,0.1331
111,239,-1.8448,239,-1.8448,131,-46.1262,244,-0.3165
112,240,-2.0947,240,-2.0947,131,-46.1262,245,0.1331
113,241,-1.6531,241,-1.6531,131,-46.1262,245,0.1331
114,242,-1.2096,242,-1.2096,131,-46.1262,245,0.1331
115,243,-0.7640,243,-0.7640,131,-46.1262,244,-0.3165
116,244,-0.3165,244,-0.3165,131,-46.1262,245,0.1331
117,245,0.1331,245,0.1331,131,-46.1262,245,0.1331
118,244,-0.3165,245,0.1331,131,-46.1262,244,-0.3165
119,245,0.1331,245,0.1331,131,-46.1262,245,0.1331
120,244,-0.3165,245,0.1331,131,-46.1262,245,0.1331
121,245,0.1331,245,0.1331,131,-46.1262,245,0.1331
122,244,-0.3165,245,0.1331,131,-46.1262,244,-0.3165
123,245,0.1331,245,0.1331,131,-46.1262,245,0.1331
124,244,-0.3165,245,0.1331,131,-46.1262,245,0.1331
125,245,0.1331,245,0.1331,131,-46.1262,244,-0.3165
126,244,-0.3165,245,0.1331,131,-46.1262,245,0.1331
127,245,0.1331,245,0.1331,131,-46.1262,245,0.1331
128,244,-0.3165,245,0.1331,132,-45.8794,244,-0.3165
129,245,0.1331,245,0.1331,132,-45.8794,245,0.1331
130,244,-0.3165,245,0.1331,132,-45.8794,245,0.1331
131,245,0.1331,245,0.1331,132,-45.8794,245,0.1331
132,244,-0.3165,245,0.1331,132,-45.8794,244,-0.3165
133,245,0.1331,245,0.1331,132,-45.8794,245,0.1331
134,244,-0.3165,245,0.1331,132,-45.8794,245,0.1331
135,245,0.1331,245,0.1331,132,-45.8794,244,-0.3165
136,244,-0.3165,245,0.1331,132,-45.8794,245,0.1331
137,245,0.1331,245,0.1331,132,-45.8794,245,0.1331
138,244,-0.3165,245,0.1331,132,-45.8794,245,0.1331
139,245,0.1331,245,0.1331,132,-45.8794,244,-0.3165
140,244,-0.3165,245,0.1331,132,-45.8794,245,0.1331
141,245,0.1331,245,0.1331,132,-45.8794,245,0.1331
142,244,-0.3165,245,0.1331,132,-45.8794,244,-0.3165
143,245,0.1331,245,0.1331,132,-45.8794,245,0.1331
144,244,-0.3165,245,0.1331,132,-45.8794,245,0.1331
145,245,0.1331,245,0.1331,132,-45.8794,244,-0.3165
146,244,-0.3165,245,0.1331,132,-45.8794,245,0.1331
147,245,0.1331,245,0.1331,132,-45.8794,245,0.1331
148,244,-0.3165,245,0.1331,132,-45.8794,245,0.1331
149,245,0.1331,245,0.1331,132,-45.8794,244,-0.3165
150,244,-0.3165,245,0.1331,132,-45.8794,245,0.1331
151,245,0.1331,245,0.1331,132,-45.8794,245,0.1331
152,244,-0.3165,245,0.1331,132,-45.8794,244,-0.3165
153,245,0.1331,245,0.1331,132,-45.8794,245,0.1331
154,244,-0.3165,245,0.1331,132,-45.8794,245,0.1331
155,245,0.1331,245,0.1331,132,-45.8794,244,-0.3165
156,244,-0.3165,245,0.1331,132,-45.8794,245,0.1331
157,245,0.1331,245,0.1331,132,-45.8794,245,0.1331
158,244,-0.3165,245,0.1331,132,-45.8794,245,0.1331
159,245,0.1331,245,0.1331,132,-45.8794,244,-0.3165
160,244,-0.3165,245,0.1331,133,-45.6316,245,0.1331
161,245,0.1331,245,0.1331,133,-45.6316,245,0.1331
162,244,-0.3165,245,0.1331,133,-45.6316,244,-0.3165
163,245,0.1331,245,0.1331,133,-45.6316,245,0.1331
164,244,-0.3165,245,0.1331,133,-45.6316,245,0.1331
165,245,0.1331,245,0.1331,133,-45.6316,245,0.1331
166,244,-0.3165,245,0.1331,133,-45.6316,244,-0.3165
167,245,0.1331,245,0.1331,133,-45.6316,245,0.1331
168,244,-0.3165,245,0.1331,133,-45.6316,245,0.1331
169,245,0.1331,245,0.1331,133,-45.6316,244,-0.3165
170,244,-0.3165,245,0.1331,133,-45.6316,245,0.1331
171,245,0.1331,245,0.1331,133,-45.6316,245,0.1331
172,244,-0.3165,245,0.1331,133,-45.6316,244,-0.3165
173,245,0.1331,245,0.1331,133,-45.6316,245,0.1331
174,244,-0.3165,245,0.1331,133,-45.6316,245,0.1331
175,245,0.1331,245,0.1331,133,-45.6316,245,0.1331
176,244,-0.3165,245,0.1331,133,-45.6316,244,-0.3165
177,245,0.1331,245,0.1331,133,-45.6316,245,0.1331
178,244,-0.3165,245,0.1331,133,-45.6316,245,0.1331
179,245,0.1331,245,0.1331,133,-45.6316,244,-0.3165
180,244,-0.3165,245,0.1331,133,-45.6316,245,0.1331
181,245,0.1331,245,0.1331,133,-45.6316,245,0.1331
182,244,-0.3165,245,0.1331,133,-45.6316,244,-0.3165
183,245,0.1331,245,0.1331,133,-45.6316,245,0.1331
184,244,-0.3165,245,0.1331,133,-45.6316,245,0.1331
185,245,0.1331,245,0.1331,133,-45.6316,245,0.1331
186,244,-0.3165,245,0.1331,133,-45.6316,244,-0.3165
187,245,0.1331,245,0.1331,133,-45.6316,245,0.1331
188,244,-0.3165,245,0.1331,133,-45.6316,245,0.1331
189,245,0.1331,245,0.1331,133,-45.6316,244,-0.3165
190,244,-0.3165,245,0.1331,133,-45.6316,245,0.1331
191,245,0.1331,245,0.1331,133,-45.6316,245,0.1331
192,244,-0.3165,245,0.1331,134,-45.3826,245,0.1331
193,245,0.1331,245,0.1331,134,-45.3826,244,-0.3165
194,244,-0.3165,245,0.1331,134,-45.3826,245,0.1331
195,245,0.1331,245,0.1331,134,-45.3826,245,0.1331
196,244,-0.3165,245,0.1331,134,-45.3826,244,-0.3165
197,245,0.1331,245,0.1331,134,-45.3826,245,0.1331
198,244,-0.3165,245,0.1331,134,-45.3826,245,0.1331
199,245,0.1331,245,0.1331,134,-45.3826,244,-0.3165
200,244,-0.3165,245,0.1331,134,-45.3826,245,0.1331
201,245,0.1331,245,0.1331,134,-45.3826,245,0.1331
202,244,-0.3165,245,0.1331,134,-45.3826,245,0.1331
203,245,0.1331,245,0.1331,134,-45.3826,244,-0.3165
204,244,-0.3165,245,0.1331,134,-45.3826,245,0.1331
205,245,0.1331,245,0.1331,134,-45.3826,245,0.1331
206,244,-0.3165,245,0.1331,134,-45.3826,244,-0.3165
207,245,0.1331,245,0.1331,134,-45.3826,245,0.1331
208,244,-0.3165,245,0.1331,134,-45.3826,245,0.1331
209,245,0.1331,245,0.1331,134,-45.3826,245,0.1331
210,244,-0.3165,245,0.1331,134,-45.3826,244,-0.3165
211,245,0.1331,245,0.1331,134,-45.3826,245,0.1331
212,244,-0.3165,245,0.1331,134,-45.3826,244,-0.3165
213,245,0.1331,245,0.1331,134,-45.3826,245,0.1331
214,244,-0.3165,245,0.1331,134,-45.3826,245,0.1331
215,245,0.1331,245,0.1331,134,-45.3826,245,0.1331
216,244,-0.3165,245,0.1331,134,-45.3826,245,0.1331
217,245,0.1331,245,0.1331,134,-45.3826,244,-0.3165
218,244,-0.3165,245,0.1331,134,-45.3826,245,0.1331
219,245,0.1331,245,0.1331,134,-45.3826,244,-0.3165
220,244,-0.3165,245,0.1331,134,-45.3826,245,0.1331
221,245,0.1331,245,0.1331,134,-45.3826,245,0.1331
222,244,-0.3165,245,0.1331,134,-45.3826,245,0.1331
223,245,0.1331,245,0.1331,134,-45.3826,244,-0.3165
224,244,-0.3165,245,0.1331,135,-45.1325,245,0.1331
225,245,0.1331,245,0.1331,135,-45.1325,245,0.1331
226,244,-0.3165,245,0.1331,135,-45.1325,245,0.1331
227,245,0.1331,245,0.1331,135,-45.1325,244,-0.3165
228,244,-0.3165,245,0.1331,135,-45.1325,245,0.1331
229,245,0.1331,245,0.1331,135,-45.1325,244,-0.3165
230,244,-0.3165,245,0.1331,135,-45.1325,245,0.1331
231,245,0.1331,245,0.1331,135,-45.1325,245,0.1331
232,244,-0.3165,245,0.1331,135,-45.1325,245,0.1331
233,245,0.1331,245,0.1331,135,-45.1325,244,-0.3165
234,244,-0.3165,245,0.1331,135,-45.1325,245,0.1331
235,245,0.1331,245,0.1331,135,-45.1325,245,0.1331
236,244,-0.3165,245,0.1331,135,-45.1325,245,0.1331
237,245,0.1331,245,0.1331,135,-45.1325,244,-0.3165
238,244,-0.3165,245,0.1331,135,-45.1325,245,0.1331
239,245,0.1331,245,0.1331,135,-45.1325,245,0.1331
240,244,-0.3165,245,0.1331,135,-45.1325,244,-0.3165
241,245,0.1331,245,0.1331,135,-45.1325,245,0.1331
242,244,-0.3165,245,0.1331,135,-45.1325,245,0.1331
243,245,0.1331,245,0.1331,135,-45.1325,244,-0.3165
244,244,-0.3165,245,0.1331,135,-45.1325,245,0.1331
245,245,0.1331,245,0.1331,135,-45.1325,245,0.1331
246,244,-0.3165,245,0.1331,135,-45.1325,244,-0.3165
247,245,0.1331,245,0.1331,135,-45.1325,245,0.1331
248,244,-0.3165,245,0.1331,135,-45.1325,245,0.1331
249,245,0.1331,245,0.1331,135,-45.1325,245,0.1331
250,244,-0.3165,245,0.1331,135,-45.1325,244,-0.3165
251,245,0.1331,245,0.1331,135,-45.1325,245,0.1331
252,244,-0.3165,245,0.1331,135,-45.1325,245,0.1331
253,245,0.1331,245,0.1331,135,-45.1325,245,0.1331
254,244,-0.3165,245,0.1331,135,-45.1325,244,-0.3165
255,245,0.1331,245,0.1331,135,-45.1325,245,0.1331
256,244,-0.3165,245,0.1331,136,-44.8812,245,0.1331
257,245,0.1331,245,0.1331,136,-44.8812,244,-0.3165
258,244,-0.3165,245,0.1331,136,-44.8812,245,0.1331
259,245,0.1331,245,0.1331,136,-44.8812,245,0.1331
260,244,-0.3165,245,0.1331,136,-44.8812,244,-0.3165
261,245,0.1331,245,0.1331,136,-44.8812,245,0.1331
262,244,-0.3165,245,0.1331,136,-44.8812,245,0.1331
263,245,0.1331,245,0.1331,136,-44.8812,244,-0.3165
264,244,-0.3165,245,0.1331,136,-44.8812,245,0.1331
265,245,0.1331,245,0.1331,136,-44.8812,245,0.1331
266,244,-0.3165,245,0.1331,136,-44.8812,245,0.1331
267,245,0.1331,245,0.1331,136,-44.8812,244,-0.3165
268,244,-0.3165,245,0.1331,136,-44.8812,245,0.1331
269,245,0.1331,245,0.1331,136,-44.8812,245,0.1331
270,244,-0.3165,245,0.1331,136,-44.8812,244,-0.3165
271,245,0.1331,245,0.1331,136,-44.8812,245,0.1331
272,244,-0.3165,245,0.1331,136,-44.8812,245,0.1331
273,245,0.1331,245,0.1331,136,-44.8812,245,0.1331
274,244,-0.3165,245,0.1331,136,-44.8812,244,-0.3165
275,245,0.1331,245,0.1331,136,-44.8812,245,0.1331
276,244,-0.3165,245,0.1331,136,-44.8812,245,0.1331
277,245,0.1331,245,0.1331,136,-44.8812,244,-0.3165
278,244,-0.3165,245,0.1331,136,-44.8812,245,0.1331
279,245,0.1331,245,0.1331,136,-44.8812,245,0.1331
280,244,-0.3165,245,0.1331,136,-44.8812,244,-0.3165
281,245,0.1331,245,0.1331,136,-44.8812,245,0.1331
282,244,-0.3165,245,0.1331,136,-44.8812,245,0.1331
283,245,0.1331,245,0.1331,136,-44.8812,245,0.1331
284,244,-0.3165,245,0.1331,136,-44.8812,244,-0.3165
285,245,0.1331,245,0.1331,136,-44.8812,245,0.1331
286,244,-0.3165,245,0.1331,136,-44.8812,245,0.1331
287,245,0.1331,245,0.1331,136,-44.8812,244,-0.3165
288,244,-0.3165,245,0.1331,137,-44.6288,245,0.1331
289,245,0.1331,245,0.1331,137,-44.6288,245,0.1331
290,244,-0.3165,245,0.1331,137,-44.6288,245,0.1331
291,245,0.1331,245,0.1331,137,-44.6288,244,-0.3165
292,244,-0.3165,245,0.1331,137,-44.6288,245,0.1331
293,245,0.1331,245,0.1331,137,-44.6288,245,0.1331
294,244,-0.3165,245,0.1331,137,-44.6288,244,-0.3165
295,245,0.1331,245,0.1331,137,-44.6288,245,0.1331
296,244,-0.3165,245,0.1331,137,-44.6288,245,0.1331
297,245,0.1331,245,0.1331,137,-44.6288,244,-0.3165
298,244,-0.3165,245,0.1331,137,-44.6288,245,0.1331
299,245,0.1331,245,0.1331,137,-44.6288,245,0.1331
300,244,-0.3165,245,0.1331,137,-44.6288,244,-0.3165
301,245,0.1331,245,0.1331,137,-44.6288,245,0.1331
302,244,-0.3165,245,0.1331,137,-44.6288,245,0.1331
303,245,0.1331,245,0.1331,137,-44.6288,245,0.1331
304,244,-0.3165,245,0.1331,137,-44.6288,244,-0.3165
305,245,0.1331,245,0.1331,137,-44.6288,245,0.1331
306,244,-0.3165,245,0.1331,137,-44.6288,245,0.1331
307,245,0.1331,245,0.1331,137,-44.6288,245,0.1331
308,244,-0.3165,245,0.1331,137,-44.6288,244,-0.3165
309,245,0.1331,245,0.1331,137,-44.6288,245,0.1331
310,244,-0.3165,245,0.1331,137,-44.6288,245,0.1331
311,245,0.1331,245,0.1331,137,-44.6288,244,-0.3165
312,244,-0.3165,245,0.1331,137,-44.6288,245,0.1331
313,245,0.1331,245,0.1331,137,-44.6288,245,0.1331
314,244,-0.3165,245,0.1331,137,-44.6288,244,-0.3165
315,245,0.1331,245,0.1331,137,-44.6288,245,0.1331
316,244,-0.3165,245,0.1331,137,-44.6288,245,0.1331
317,245,0.1331,245,0.1331,137,-44.6288,244,-0.3165
318,244,-0.3165,245,0.1331,137,-44.6288,245,0.1331
319,245,0.1331,245,0.1331,137,-44.6288,245,0.1331
320,244,-0.3165,245,0.1331,138,-44.3752,245,0.1331
321,245,0.1331,245,0.1331,138,-44.3752,244,-0.3165
322,244,-0.3165,245,0.1331,138,-44.3752,245,0.1331
323,245,0.1331,245,0.1331,138,-44.3752,245,0.1331
324,244,-0.3165,245,0.1331,138,-44.3752,245,0.1331
325,245,0.1331,245,0.1331,138,-44.3752,244,-0.3165
326,244,-0.3165,245,0.1331,138,-44.3752,245,0.1331
327,245,0.1331,245,0.1331,138,-44.3752,244,-0.3165
328,244,-0.3165,245,0.1331,138,-44.3752,245,0.1331
329,245,0.1331,245,0.1331,138,-44.3752,245,0.1331
330,244,-0.3165,245,0.1331,138,-44.3752,245,0.1331
331,245,0.1331,245,0.1331,138,-44.3752,244,-0.3165
332,244,-0.3165,245,0.1331,138,-44.3752,245,0.1331
333,245,0.1331,245,0.1331,138,-44.3752,245,0.1331
334,244,-0.3165,245,0.1331,138,-44.3752,245,0.1331
335,245,0.1331,245,0.1331,138,-44.3752,244,-0.3165
336,244,-0.3165,245,0.1331,138,-44.3752,245,0.1331
337,245,0.1331,245,0.1331,138,-44.3752,244,-0.3165
338,244,-0.3165,245,0.1331,138,-44.3752,245,0.1331
339,245,0.1331,245,0.1331,138,-44.3752,245,0.1331
340,244,-0.3165,245,0.1331,138,-44.3752,245,0.1331
341,245,0.1331,245,0.1331,138,-44.3752,245,0.1331
342,244,-0.3165,245,0.1331,138,-44.3752,244,-0.3165
343,245,0.1331,245,0.1331,138,-44.3752,245,0.1331
344,244,-0.3165,245,0.1331,138,-44.3752,244,-0.3165
345,245,0.1331,245,0.1331,138,-44.3752,245,0.1331
346,244,-0.3165,245,0.1331,138,-44.3752,245,0.1331
347,245,0.1331,245,0.1331,138,-44.3752,245,0.1331
348,244,-0.3165,245,0.1331,138,-44.3752,244,-0.3165
349,245,0.1331,245,0.1331,138,-44.3752,245,0.1331
350,244,-0.3165,245,0.1331,138,-44.3752,245,0.1331
351,245,0.1331,245,0.1331,138,-44.3752,244,-0.3165
352,244,-0.3165,245,0.1331,139,-44.1205,245,0.1331
353,245,0.1331,245,0.1331,139,-44.1205,245,0.1331
354,244,-0.3165,245,0.1331,139,-44.1205,245,0.1331
355,245,0.1331,245,0.1331,139,-44.1205,244,-0.3165
356,244,-0.3165,245,0.1331,139,-44.1205,245,0.1331
357,245,0.1331,245,0.1331,139,-44.1205,245,0.1331
358,244,-0.3165,245,0.1331,139,-44.1205,244,-0.3165
359,245,0.1331,245,0.1331,139,-44.1205,245,0.1331
360,244,-0.3165,245,0.1331,139,-44.1205,245,0.1331
361,245,0.1331,245,0.1331,139,-44.1205,245,0.1331
362,244,-0.3165,245,0.1331,139,-44.1205,244,-0.3165
363,245,0.1331,245,0.1331,139,-44.1205,245,0.1331
364,244,-0.3165,245,0.1331,139,-44.1205,244,-0.3165
365,245,0.1331,245,0.1331,139,-44.1205,245,0.1331
366,244,-0.3165,245,0.1331,139,-44.1205,245,0.1331
367,245,0.1331,245,0.1331,139,-44.1205,245,0.1331
368,244,-0.3165,245,0.1331,139,-44.1205,245,0.1331
369,245,0.1331,245,0.1331,139,-44.1205,244,-0.3165
370,244,-0.3165,245,0.1331,139,-44.1205,245,0.1331
371,245,0.1331,245,0.1331,139,-44.1205,244,-0.3165
372,244,-0.3165,245,0.1331,139,-44.1205,245,0.1331
373,245,0.1331,245,0.1331,139,-44.1205,245,0.1331
374,244,-0.3165,245,0.1331,139,-44.1205,245,0.1331
375,245,0.1331,245,0.1331,139,-44.1205,244,-0.3165
376,244,-0.3165,245,0.1331,139,-44.1205,245,0.1331
377,245,0.1331,245,0.1331,139,-44.1205,245,0.1331
378,244,-0.3165,245,0.1331,139,-44.1205,244,-0.3165
379,245,0.1331,245,0.1331,139,-44.1205,245,0.1331
380,244,-0.3165,245,0.1331,139,-44.1205,245,0.1331
381,245,0.1331,245,0.1331,139,-44.1205,245,0.1331
382,244,-0.3165,245,0.1331,139,-44.1205,244,-0.3165
383,245,0.1331,245,0.1331,139,-44.1205,245,0.1331
384,244,-0.3165,245,0.1331,140,-43.8646,245,0.1331
385,245,0.1331,245,0.1331,140,-43.8646,244,-0.3165
386,244,-0.3165,245,0.1331,140,-43.8646,245,0.1331
387,245,0.1331,245,0.1331,140,-43.8646,245,0.1331
388,244,-0.3165,245,0.1331,140,-43.8646,245,0.1331
389,245,0.1331,245,0.1331,140,-43.8646,244,-0.3165
390,244,-0.3165,245,0.1331,140,-43.8646,245,0.1331
391,245,0.1331,245,0.1331,140,-43.8646,244,-0.3165
392,244,-0.3165,245,0.1331,140,-43.8646,245,0.1331
393,245,0.1331,245,0.1331,140,-43.8646,245,0.1331
394,244,-0.3165,245,0.1331,140,-43.8646,245,0.1331
395,245,0.1331,245,0.1331,140,-43.8646,245,0.1331
396,244,-0.3165,245,0.1331,140,-43.8646,244,-0.3165
397,245,0.1331,245,0.1331,140,-43.8646,245,0.1331
398,244,-0.3165,245,0.1331,140,-43.8646,244,-0.3165
399,245,0.1331,245,0.1331,140,-43.8646,245,0.1331
