plant,T_c,V,best_code,best_err_pct,saturated,local_step_pct,target_crossings,f255_err_pct,f0_err_pct
tt/sch,-40.0,3.0,174,0.1511,False,0.5827,1,61.566,-48.177
tt/sch,-40.0,3.3,172,0.2712,False,0.5827,1,63.650,-47.508
tt/sch,-40.0,3.6,170,0.1345,False,0.5827,1,65.337,-46.967
tt/sch,27.0,3.0,165,0.1227,False,0.5827,1,70.191,-45.410
tt/sch,27.0,3.3,163,-0.0378,False,0.5827,1,71.904,-44.861
tt/sch,27.0,3.6,161,-0.2776,False,0.5827,1,73.496,-44.350
tt/sch,85.0,3.0,159,0.2705,False,0.5494,1,76.430,-43.409
tt/sch,85.0,3.3,157,-0.0380,False,0.5494,1,77.825,-42.962
tt/sch,85.0,3.6,156,0.0747,False,0.5494,1,79.004,-42.584
ff/sch,-40.0,3.0,104,-0.0759,False,0.4304,1,112.528,-30.692
ff/sch,-40.0,3.3,102,0.1012,False,0.4304,1,114.741,-29.970
ff/sch,-40.0,3.6,100,0.1386,False,0.4304,1,116.674,-29.340
ff/sch,27.0,3.0,92,-0.0524,False,0.4053,1,123.597,-27.082
ff/sch,27.0,3.3,90,0.0628,False,0.4053,1,125.673,-26.405
ff/sch,27.0,3.6,89,0.1144,False,0.4053,1,126.704,-26.069
ff/sch,85.0,3.0,78,-0.1074,False,0.3698,1,136.328,-22.930
ff/sch,85.0,3.3,80,-0.1593,False,0.3876,1,134.467,-23.537
ff/sch,85.0,3.6,80,-0.1609,False,0.3876,1,134.464,-23.538
ss/sch,-40.0,3.0,215,0.2593,False,0.7806,1,27.112,-59.685
ss/sch,-40.0,3.3,213,0.0699,False,0.7806,1,28.860,-59.130
ss/sch,-40.0,3.6,211,-0.3875,False,0.7806,1,30.281,-58.679
ss/sch,27.0,3.0,208,-0.0994,False,0.7463,1,33.742,-57.582
ss/sch,27.0,3.3,206,-0.1183,False,0.7119,1,35.627,-56.984
ss/sch,27.0,3.6,205,0.1746,False,0.7119,1,36.993,-56.550
ss/sch,85.0,3.0,203,-0.3026,False,0.7119,1,38.289,-56.139
ss/sch,85.0,3.3,202,0.2189,False,0.7119,1,40.002,-55.596
ss/sch,85.0,3.6,200,-0.2439,False,0.7119,1,41.347,-55.170
fs/sch,-40.0,3.0,170,0.2257,False,0.5903,1,66.568,-47.355
fs/sch,-40.0,3.3,167,-0.1940,False,0.5903,1,68.825,-46.641
fs/sch,-40.0,3.6,166,0.1354,False,0.5903,1,70.382,-46.149
fs/sch,27.0,3.0,162,0.0883,False,0.5903,1,74.359,-44.892
fs/sch,27.0,3.3,160,-0.0771,False,0.5734,1,76.132,-44.332
fs/sch,27.0,3.6,159,0.2309,False,0.5565,1,77.658,-43.850
fs/sch,85.0,3.0,152,0.1016,False,0.5565,1,84.457,-41.701
fs/sch,85.0,3.3,154,0.2396,False,0.5565,1,82.672,-42.265
fs/sch,85.0,3.6,154,0.1809,False,0.5565,1,82.565,-42.298
sf/sch,-40.0,3.0,178,0.0155,False,0.6265,1,56.553,-49.039
sf/sch,-40.0,3.3,177,0.2257,False,0.6265,1,57.865,-48.612
sf/sch,-40.0,3.6,175,0.0383,False,0.5751,1,59.469,-48.090
sf/sch,27.0,3.0,168,0.0047,False,0.5751,1,65.945,-45.981
sf/sch,27.0,3.3,167,0.2105,False,0.5751,1,67.243,-45.559
sf/sch,27.0,3.6,165,-0.2399,False,0.5751,1,68.412,-45.179
sf/sch,85.0,3.0,162,0.2003,False,0.5751,1,72.091,-43.981
sf/sch,85.0,3.3,160,-0.1537,False,0.5587,1,73.461,-43.535
sf/sch,85.0,3.6,159,-0.2040,False,0.5422,1,74.313,-43.257
rc_f/sch,-40.0,3.0,109,-0.1047,False,0.4155,1,102.757,-31.271
rc_f/sch,-40.0,3.3,107,0.2036,False,0.4155,1,105.076,-30.485
rc_f/sch,-40.0,3.6,104,0.0249,False,0.4155,1,107.273,-29.740
rc_f/sch,27.0,3.0,96,-0.1569,False,0.4034,1,113.874,-27.503
rc_f/sch,27.0,3.3,94,0.0882,False,0.3913,1,116.080,-26.755
rc_f/sch,27.0,3.6,92,0.0723,False,0.3913,1,117.740,-26.192
rc_f/sch,85.0,3.0,78,-0.0652,False,0.3571,1,129.504,-22.205
rc_f/sch,85.0,3.3,82,0.1813,False,0.3913,1,126.659,-23.169
rc_f/sch,85.0,3.6,82,0.0691,False,0.3913,1,126.405,-23.255
rc_s/sch,-40.0,3.0,209,-0.3504,False,0.8121,1,33.894,-59.451
rc_s/sch,-40.0,3.3,208,-0.0146,False,0.7764,1,35.436,-58.984
rc_s/sch,-40.0,3.6,207,0.2024,False,0.7407,1,36.735,-58.590
rc_s/sch,27.0,3.0,203,0.2376,False,0.7407,1,40.881,-57.335
rc_s/sch,27.0,3.3,201,-0.2037,False,0.7407,1,42.346,-56.891
rc_s/sch,27.0,3.6,200,-0.3216,False,0.7407,1,43.231,-56.623
rc_s/sch,85.0,3.0,198,-0.2484,False,0.7407,1,45.467,-55.946
rc_s/sch,85.0,3.3,197,-0.0530,False,0.7407,1,46.832,-55.533
rc_s/sch,85.0,3.6,191,-0.0454,False,-1.2134,1,47.702,-55.269
tt/ext,-40.0,3.0,220,0.0624,False,0.7263,1,20.358,-58.664
tt/ext,-40.0,3.3,218,-0.2970,False,0.7263,1,21.674,-58.212
tt/ext,-40.0,3.6,218,0.0926,False,0.7263,1,22.149,-58.049
tt/ext,27.0,3.0,215,0.0814,False,0.7263,1,24.816,-57.133
tt/ext,27.0,3.3,213,-0.2531,False,0.7263,1,26.213,-56.654
tt/ext,27.0,3.6,212,-0.3022,False,0.7263,1,27.067,-56.360
tt/ext,85.0,3.0,210,-0.0908,False,0.7263,1,29.193,-55.630
tt/ext,85.0,3.3,210,0.3286,False,0.7263,1,29.735,-55.444
tt/ext,85.0,3.6,209,0.1161,False,0.7263,1,30.401,-55.215
ff/ext,-40.0,3.0,187,-0.1182,False,0.5806,3,43.624,-49.249
ff/ext,-40.0,3.3,190,-0.0098,False,0.5806,3,41.304,-50.069
ff/ext,-40.0,3.6,204,-0.3127,False,0.6447,1,33.223,-52.924
ff/ext,27.0,3.0,178,0.1112,False,0.5806,1,51.652,-46.412
ff/ext,27.0,3.3,178,-0.2477,False,0.5806,1,51.108,-46.604
ff/ext,27.0,3.6,181,0.1594,False,0.5806,1,49.113,-47.309
ff/ext,85.0,3.0,162,-0.2579,False,0.5330,1,64.661,-41.815
ff/ext,85.0,3.3,167,-0.1254,False,0.5330,1,60.555,-43.266
ff/ext,85.0,3.6,171,0.1539,False,0.5330,1,57.617,-44.304
ss/ext,-40.0,3.0,255,-0.3430,True,nan,0,-0.343,-65.600
ss/ext,-40.0,3.3,252,0.1634,False,0.4510,1,1.525,-64.956
ss/ext,-40.0,3.6,249,0.0879,False,0.4510,1,2.827,-64.506
ss/ext,27.0,3.0,249,0.1587,False,0.4510,1,2.900,-64.481
ss/ext,27.0,3.3,245,0.1331,False,0.4510,1,4.742,-63.845
ss/ext,27.0,3.6,242,0.1278,False,0.4510,1,6.160,-63.356
ss/ext,85.0,3.0,243,0.0390,False,0.4510,1,5.590,-63.552
ss/ext,85.0,3.3,240,0.2119,False,0.0976,1,7.210,-62.993
ss/ext,85.0,3.6,237,0.1606,False,0.7385,1,8.467,-62.559
