tag,process,vdd_v,skew,block,dir,phase_idx,from,to,bits_changed,t_start_ns,status,verdict,p_old_ns,p_new_ns,p_min_ns,p_max_ns,excursion_pct,runt,missing_edge,settle_cycles,phase_in_cycle
probe,tt,3.3,lsb_first,noncarry_A2_A3,up,0,162,163,1,4500,OK,PASS,20.8299,20.71,20.7128,20.9421,0.538666,False,False,1,0.20108
probe,tt,3.3,lsb_first,noncarry_A2_A3,down,0,163,162,1,5200,OK,PASS,20.71,20.821,20.7019,20.7105,0.0392687,False,False,2,0.992038
probe,tt,3.3,lsb_first,noncarry_A2_A3,up,1,162,163,1,5905.25,OK,PASS,20.821,20.714,20.7448,20.8517,0.14754,False,False,2,0.867295
probe,tt,3.3,lsb_first,noncarry_A2_A3,down,1,163,162,1,6605.25,OK,PASS,20.714,20.8231,20.4325,20.8153,1.35927,False,False,1,0.666461
probe,tt,3.3,lsb_first,noncarry_A2_A3,up,2,162,163,1,7310.5,OK,PASS,20.8231,20.713,20.7131,21.072,1.19522,False,False,1,0.533068
probe,tt,3.3,lsb_first,noncarry_A2_A3,down,2,163,162,1,8010.5,OK,PASS,20.713,20.8257,20.5657,20.8258,0.711442,False,False,1,0.316432
probe,tt,3.3,lsb_first,noncarry_A2_A3,up,3,162,163,1,8715.75,OK,PASS,20.8257,20.7107,20.7211,20.9431,0.564007,False,False,1,0.194353
probe,tt,3.3,lsb_first,noncarry_A2_A3,down,3,163,162,1,9415.75,OK,PASS,20.7107,20.8204,20.7014,20.7155,0.0449226,False,False,2,0.981541
probe,tt,3.3,lsb_first,carry_3F_40,up,0,63,64,7,11600,OK,PASS,30.6963,30.5551,30.2937,30.6911,0.851678,False,False,2,0.815544
probe,tt,3.3,lsb_first,carry_3F_40,down,0,64,63,7,12300,OK,PASS,30.5551,30.6894,30.5723,30.9784,0.94601,False,False,2,0.724209
probe,tt,3.3,lsb_first,carry_3F_40,up,1,63,64,7,13005.2,OK,PASS,30.6894,30.5458,29.7294,30.6718,2.66012,False,False,2,0.723879
probe,tt,3.3,lsb_first,carry_3F_40,down,1,64,63,7,13705.2,OK,PASS,30.5458,30.6903,30.5471,30.8798,0.620222,False,False,2,0.636802
probe,tt,3.3,lsb_first,carry_3F_40,up,2,63,64,7,14410.5,OK,PASS,30.6903,30.5553,29.5745,30.6658,3.1958,False,False,1,0.636038
probe,tt,3.3,lsb_first,carry_3F_40,down,2,64,63,7,15110.5,OK,PASS,30.5553,30.6838,30.5504,30.9083,0.734675,False,False,1,0.549013
probe,tt,3.3,lsb_first,carry_3F_40,up,3,63,64,7,15815.8,OK,FLAG,30.6838,30.5634,29.5431,30.695,3.32498,False,False,14,0.546584
probe,tt,3.3,lsb_first,carry_3F_40,down,3,64,63,7,16515.8,OK,PASS,30.5634,30.697,30.5619,30.9027,0.673093,False,False,1,0.465517
probe,tt,3.3,lsb_first,carry_7F_80,up,0,127,128,8,18700,OK,PASS,23.386,24.9256,23.1851,23.5115,0.859101,False,False,2,0.817764
probe,tt,3.3,lsb_first,carry_7F_80,down,0,128,127,8,19400,OK,FLAG,24.9256,23.3936,19.7613,24.9377,14.5726,False,False,2,0.970997
probe,tt,3.3,lsb_first,carry_7F_80,up,1,127,128,8,20105.2,OK,PASS,23.3936,24.9319,22.4061,24.9206,4.22125,False,False,1,0.286591
probe,tt,3.3,lsb_first,carry_7F_80,down,1,128,127,8,20805.2,OK,FLAG,24.9319,23.3958,20.8565,24.9105,10.1847,False,False,2,0.526606
probe,tt,3.3,lsb_first,carry_7F_80,up,2,127,128,8,21510.5,OK,PASS,23.3958,24.9276,22.8463,24.5564,2.34876,False,False,2,0.735805
probe,tt,3.3,lsb_first,carry_7F_80,down,2,128,127,8,22210.5,OK,FLAG,24.9276,23.3868,18.6868,24.9997,18.8543,False,False,2,0.852569
probe,tt,3.3,lsb_first,carry_7F_80,up,3,127,128,8,22915.8,OK,PASS,23.3868,24.925,22.6648,24.9167,3.08701,False,False,1,0.203781
probe,tt,3.3,lsb_first,carry_7F_80,down,3,128,127,8,23615.8,OK,FLAG,24.925,23.3949,20.9158,24.9154,9.94638,False,False,2,0.428113
probe,tt,3.3,lsb_first,carry_BF_C0,up,0,191,192,7,25800,OK,PASS,17.3851,17.9259,17.3161,17.3968,0.396821,False,False,2,0.939955
probe,tt,3.3,lsb_first,carry_BF_C0,down,0,192,191,7,26500,OK,FLAG,17.9259,17.3869,16.204,17.9248,6.59934,False,False,2,0.0326397
probe,tt,3.3,lsb_first,carry_BF_C0,up,1,191,192,7,27205.2,OK,PASS,17.3869,17.9217,16.9435,17.749,2.55059,False,False,2,0.67208
probe,tt,3.3,lsb_first,carry_BF_C0,down,1,192,191,7,27905.2,OK,FLAG,17.9217,17.3858,17.9208,19.1338,6.76315,False,False,2,0.743973
probe,tt,3.3,lsb_first,carry_BF_C0,up,2,191,192,7,28610.5,OK,PASS,17.3858,17.9237,16.9809,17.9221,2.32895,False,False,1,0.196413
probe,tt,3.3,lsb_first,carry_BF_C0,down,2,192,191,7,29310.5,OK,FLAG,17.9237,17.387,16.3954,17.9282,5.5322,False,False,2,0.320238
probe,tt,3.3,lsb_first,carry_BF_C0,up,3,191,192,7,30015.8,OK,PASS,17.387,17.9241,17.3445,17.3789,0.244416,False,False,2,0.918566
probe,tt,3.3,lsb_first,carry_BF_C0,down,3,192,191,7,30715.8,OK,FLAG,17.9241,17.3879,16.1371,17.9206,6.97836,False,False,1,0.010542
